cell_type_name,female_n,female_broad_class,male_n,male_cell_type,male_superclass
AN_4_None,168,sensory neuron,0,,
SNppxx,148,sensory neuron,0,,
SNxxxx,142,sensory neuron,0,,
SNxx03,126,sensory neuron,0,,
CB3830,120,CNS neuron,0,,
SNch05,116,sensory neuron,0,,
CB3819,105,CNS neuron,0,,
Dm3,103,CNS neuron,0,,
TmY18,99,CNS neuron,0,,
SNta29,95,sensory neuron,0,,
SNpp39,94,sensory neuron,0,,
SNta37,93,sensory neuron,0,,
SNxx04,87,sensory neuron,0,,
PFNp_b,86,,0,,
SNpp50,85,sensory neuron,0,,
SNpp45,78,sensory neuron,0,,
JO-E,77,sensory neuron,0,,
SNta44,74,sensory neuron,0,,
SNpp60,71,sensory neuron,0,,
CB3848,69,CNS neuron,0,,
JO-F,69,sensory neuron,0,,
SNta20,64,sensory neuron,0,,
mAL,64,,0,,
SNta43,61,sensory neuron,0,,
SNta38,60,sensory neuron,0,,
SNch10,57,sensory neuron,0,,
SNta21,57,sensory neuron,0,,
PFNp_a,55,,0,,
SNpp47,54,sensory neuron,0,,
Acc. ti flexor MN,52,efferent neuron,0,,
SNxx05,52,sensory neuron,0,,
CB3828,50,CNS neuron,0,,
SNpp52,49,sensory neuron,0,,
CB3823,46,,0,,
SNta30,44,sensory neuron,0,,
TPMN,43,sensory neuron,0,,
AMMC B1,42,CNS neuron,0,,
SNpp41,42,sensory neuron,0,,
SNta45,40,sensory neuron,0,,
SNta42,39,sensory neuron,0,,
SNxx06,38,sensory neuron,0,,
SNch06,37,sensory neuron,0,,
SNta28,37,sensory neuron,0,,
PFNp_d,35,,0,,
SNta32,35,sensory neuron,0,,
SNta39,35,sensory neuron,0,,
Tm6,34,CNS neuron,0,,
JO-EDM,33,sensory neuron,0,,
Tr flexor MN,33,efferent neuron,0,,
IN19A117,32,CNS neuron,0,,
SNch09,32,sensory neuron,0,,
SNta34,32,sensory neuron,0,,
SNta35,32,sensory neuron,0,,
AN_GNG_165,31,sensory neuron,0,,
SLPa&l1_anterior__0,31,,0,,
SNpp19,31,sensory neuron,0,,
SNta04,31,sensory neuron,0,,
JO-EVM,30,sensory neuron,0,,
SNch11,30,sensory neuron,0,,
SNpp43,30,sensory neuron,0,,
PFNp_e,29,,0,,
SNta09,29,sensory neuron,0,,
SApp08,28,sensory neuron,0,,
SNpp51,28,sensory neuron,0,,
SApp10,27,sensory neuron,0,,
SNpp59,27,sensory neuron,0,,
SNta23,27,sensory neuron,0,,
BM_Ant,26,sensory neuron,0,,
BM_dPoOr,26,sensory neuron,0,,
IN19A060,26,,0,,
INXXX258,26,,0,,
SApp07,26,sensory neuron,0,,
SNxx01,26,sensory neuron,0,,
FS1A,25,,0,,
IN03B060,25,,0,,
SApp09,25,sensory neuron,0,,
SNch01,25,sensory neuron,0,,
SNpp40,25,sensory neuron,0,,
SNpp58,25,sensory neuron,0,,
lLN2P,25,sensory neuron,0,,
DNg02,24,CNS neuron,0,,
INXXX360,24,sensory neuron,0,,
KCab-m,24,CNS neuron,0,,
PFNp_c,24,,0,,
SApp05,24,sensory neuron,0,,
SNch03,24,sensory neuron,0,,
m-NSC,24,efferent neuron,0,,
CB3832,23,,0,,
JO-EVL,23,sensory neuron,0,,
PS005,23,,0,,
SNta26,23,sensory neuron,0,,
Ti flexor MN,23,efferent neuron,0,,
Tm12,23,CNS neuron,0,,
vDeltaI,23,,0,,
SNxx14,22,sensory neuron,0,,
DNut042,21,CNS neuron,0,,
IN19A106,21,,0,,
IN20A.22A055,21,,0,,
IN21A087,21,glia,0,,
INXXX230,21,,0,,
SNpp56,21,sensory neuron,0,,
SNta25,21,sensory neuron,0,,
SNta27,21,sensory neuron,0,,
SNta40,21,sensory neuron,0,,
SNtaxx,21,sensory neuron,0,,
taste peg,21,sensory neuron,0,,
IN03B066,20,,0,,
IN19A088,20,,0,,
MC62,20,,0,,
SApp23,20,sensory neuron,0,,
TN1-like,20,,0,,
CB1138,19,,0,,
ER2_c,19,,0,,
Fe reductor MN,19,efferent neuron,0,,
IN03B058,19,,0,,
IN03B086,19,,0,,
IN06A106,19,,0,,
SNta31,19,sensory neuron,0,,
SNta41,19,sensory neuron,0,,
SNxx22,19,sensory neuron,0,,
accessory_pharyngeal_nerve_sensory_group2,19,sensory neuron,0,,
AN_GNG_196,18,sensory neuron,0,,
CB1225,18,,0,,
IN06A064,18,efferent neuron,0,,
IN06A082,18,,0,,
IN06A113,18,sensory neuron,0,,
IN06A117,18,,0,,
INXXX287,18,,0,,
KCab-c,18,CNS neuron,0,,
LLPC2c,18,,0,,
SA_DMT_DMetaN_12,18,sensory neuron,0,,
SAch01,18,sensory neuron,0,,
SNch12,18,sensory neuron,0,,
cLPTCrn,18,CNS neuron,0,,
CB1786,17,,0,,
CB3837,17,,0,,
Dm8,17,CNS neuron,0,,
IN19A108,17,,0,,
LB3a,17,sensory neuron,0,,
SApp03,17,sensory neuron,0,,
SApp22,17,sensory neuron,0,,
SNch02,17,sensory neuron,0,,
SNpp22,17,sensory neuron,0,,
SNxx33,17,sensory neuron,0,,
ltm1-tibia MN,17,efferent neuron,0,,
AN_GNG_184,16,,0,,
CB0958,16,,0,,
ER3a_b,16,,0,,
ER3w_b,16,,0,,
IN01A051,16,,0,,
IN03B089,16,,0,,
IN06A059,16,,0,,
IN07B073,16,,0,,
IN08A043,16,,0,,
IN11B016,16,,0,,
IN12B044,16,,0,,
IN13A068,16,,0,,
INXXX334,16,,0,,
INXXX341,16,,0,,
SA_DMT_DMetaN,16,sensory neuron,0,,
SApp01,16,sensory neuron,0,,
SNpp57,16,sensory neuron,0,,
SNta24,16,sensory neuron,0,,
IN06A104,15,CNS neuron,0,,
IN06A116,15,,0,,
IN08A041,15,CNS neuron,0,,
IN13A055,15,CNS neuron,0,,
INXXX378,15,glia,0,,
JO-EV,15,sensory neuron,0,,
SNta03,15,sensory neuron,0,,
SNta19,15,sensory neuron,0,,
SNxx17,15,sensory neuron,0,,
AN_GNG_179,14,CNS neuron,0,,
CB3851,14,CNS neuron,0,,
IN03B069,14,,0,,
IN06A022,14,,0,,
IN06A075,14,,0,,
IN07B061,14,,0,,
IN11B014,14,,0,,
IN11B021,14,,0,,
IN11B022,14,,0,,
IN13A061,14,CNS neuron,0,,
IN13A062,14,,0,,
IN16B075,14,,0,,
IN20A.22A030,14,,0,,
IN20A.22A073,14,,0,,
INXXX448,14,,0,,
LB1a,14,sensory neuron,0,,
SApp15,14,sensory neuron,0,,
SApp17,14,sensory neuron,0,,
SNch07,14,sensory neuron,0,,
SNpp17,14,sensory neuron,0,,
SNta02,14,sensory neuron,0,,
dMS2,14,,0,,
AN_GNG_192,13,sensory neuron,0,,
CB3829,13,,0,,
CB3834,13,CNS neuron,0,,
ER1_b,13,,0,,
FC1B,13,,0,,
FC1E,13,,0,,
IN03B072,13,,0,,
IN06A132,13,sensory neuron,0,,
IN11A021,13,,0,,
IN13A029,13,,0,,
IN13A040,13,,0,,
IN13A051,13,CNS neuron,0,,
IN19A093,13,CNS neuron,0,,
IN21A037,13,,0,,
INXXX247,13,,0,,
INXXX332,13,,0,,
INXXX454,13,,0,,
JO-EDP,13,sensory neuron,0,,
SApp06,13,sensory neuron,0,,
SNpp02,13,sensory neuron,0,,
SNpp44,13,sensory neuron,0,,
SNta11,13,sensory neuron,0,,
CB1791,12,,0,,
DNnt011,12,CNS neuron,0,,
ER3a_a,12,,0,,
ER3p_a,12,,0,,
IN01B027,12,,0,,
IN03A062,12,,0,,
IN04B074,12,,0,,
IN04B078,12,,0,,
IN08B036,12,,0,,
IN11A032,12,,0,,
IN11B020,12,,0,,
IN12B072,12,,0,,
IN13A050,12,CNS neuron,0,,
IN13B090,12,,0,,
IN20A.22A024,12,,0,,
INXXX240,12,,0,,
INXXX354,12,,0,,
Pm2,12,CNS neuron,0,,
SApp02,12,sensory neuron,0,,
SNch04,12,sensory neuron,0,,
SNta33,12,sensory neuron,0,,
Sternal anterior rotator MN,12,efferent neuron,0,,
Sternal posterior rotator MN,12,efferent neuron,0,,
ltm MN,12,efferent neuron,0,,
w-cHIN,12,,0,,
Acc. tr flexor MN,11,efferent neuron,0,,
BM_FrOr,11,sensory neuron,0,,
CB2865,11,,0,,
CB3831,11,,0,,
CRE043,11,,0,,
ER2_a,11,,0,,
FC1F,11,,0,,
IN01B086,11,sensory neuron,0,,
IN03A046,11,,0,,
IN03A068,11,,0,,
IN03B061,11,,0,,
IN03B070,11,,0,,
IN03B077,11,,0,,
IN04B068,11,,0,,
IN05B090,11,,0,,
IN06B066,11,,0,,
IN08A036,11,CNS neuron,0,,
IN09A090,11,,0,,
IN09B038,11,,0,,
IN11B017,11,,0,,
IN12A059,11,,0,,
IN19A016,11,CNS neuron,0,,
IN19A064,11,,0,,
IN19A098,11,CNS neuron,0,,
IN19A122,11,,0,,
IN19B068,11,,0,,
IN20A.22A021,11,,0,,
IN20A.22A038,11,,0,,
IN20A.22A043,11,,0,,
IN20A.22A048,11,,0,,
IN20A.22A067,11,,0,,
INXXX228,11,,0,,
INXXX290,11,,0,,
INXXX297,11,,0,,
INXXX336,11,,0,,
INXXX363,11,,0,,
INXXX395,11,,0,,
LAL034,11,,0,,
Mt4,11,CNS neuron,0,,
OCI,11,,0,,
PI,11,efferent neuron,0,,
SA_VTV_3,11,sensory neuron,0,,
SNpp18,11,sensory neuron,0,,
SNxx02,11,sensory neuron,0,,
SNxx10,11,sensory neuron,0,,
Sternotrochanter MN,11,efferent neuron,0,,
pharyngeal_nerve_sensory_group2,11,sensory neuron,0,,
uLPTCrn,11,CNS neuron,0,,
AN_GNG_166,10,,0,,
CB2740,10,,0,,
CB2990,10,,0,,
CB3803,10,CNS neuron,0,,
DM5_ventral__0,10,,0,,
DNut046,10,CNS neuron,0,,
ENXXX226,10,efferent neuron,0,,
ER1_a,10,,0,,
FS1B,10,,0,,
GFC3,10,,0,,
IN01A045,10,,0,,
IN03B071,10,,0,,
IN03B091,10,,0,,
IN08A026,10,CNS neuron,0,,
IN08A028,10,,0,,
IN11B015,10,,0,,
IN12A063,10,,0,,
IN13A038,10,CNS neuron,0,,
IN13A045,10,,0,,
IN13A047,10,CNS neuron,0,,
IN14A023,10,CNS neuron,0,,
IN17A061,10,CNS neuron,0,,
IN19A041,10,,0,,
IN19A061,10,CNS neuron,0,,
IN19A073,10,,0,,
IN20A.22A018,10,,0,,
IN20A.22A035,10,,0,,
IN20A.22A036,10,,0,,
IN20A.22A060,10,,0,,
IN21A047,10,,0,,
IN21A058,10,,0,,
IN23B060,10,,0,,
INXXX161,10,,0,,
INXXX315,10,,0,,
INXXX411,10,,0,,
INXXX429,10,,0,,
JO-FDL,10,sensory neuron,0,,
KCa'b'-ap2,10,CNS neuron,0,,
LC10,10,CNS neuron,0,,
MNad13,10,efferent neuron,0,,
SAchxx,10,sensory neuron,0,,
SApp12,10,sensory neuron,0,,
SMP106a,10,,0,,
SNpp01,10,sensory neuron,0,,
SNxx20,10,sensory neuron,0,,
SNxx29,10,sensory neuron,0,,
Ti extensor MN,10,efferent neuron,0,,
WED031,10,,0,,
WED143,10,,0,,
ltm2-femur MN,10,efferent neuron,0,,
CB1329,9,,0,,
CB1761,9,,0,,
CB2317,9,,0,,
CB3275,9,,0,,
DNht001,9,CNS neuron,0,,
DNut054,9,CNS neuron,0,,
DProN_d,9,efferent neuron,0,,
EN00B026,9,efferent neuron,0,,
ER3d_a,9,,0,,
FB9B_c,9,,0,,
FC1A,9,,0,,
GFC4,9,,0,,
IN02A059,9,,0,,
IN03A064,9,,0,,
IN03A087,9,,0,,
IN03B079,9,,0,,
IN03B093,9,,0,,
IN05B085,9,,0,,
IN06A063,9,,0,,
IN06A067,9,,0,,
IN06A094,9,glia,0,,
IN06B056,9,,0,,
IN09A057,9,,0,,
IN09A079,9,,0,,
IN11A027,9,,0,,
IN12B063,9,,0,,
IN12B079,9,,0,,
IN13A018,9,,0,,
IN13A030,9,,0,,
IN13A034,9,,0,,
IN13A041,9,CNS neuron,0,,
IN13A042,9,CNS neuron,0,,
IN13B027,9,,0,,
IN17A028,9,,0,,
IN17A052,9,CNS neuron,0,,
IN19A096,9,CNS neuron,0,,
IN20A.22A039,9,,0,,
IN20A.22A071,9,,0,,
IN21A041,9,,0,,
INXXX058,9,,0,,
INXXX246,9,,0,,
INXXX269,9,,0,,
INXXX346,9,,0,,
JO-FVA,9,sensory neuron,0,,
LB2,9,sensory neuron,0,,
MC61,9,CNS neuron,0,,
Pleural remotor/abductor MN,9,efferent neuron,0,,
SA_DMT_DMetaN_8,9,,0,,
SApp11,9,sensory neuron,0,,
TuBu09,9,,0,,
aSP-f4,9,,0,,
abdominal_ppk_neuron,9,sensory neuron,0,,
AN_5_None,8,,0,,
AN_GNG_77,8,,0,,
APDN3,8,,0,,
BM_Fr,8,sensory neuron,0,,
BM_InOc,8,sensory neuron,0,,
CB0948,8,,0,,
CB0979,8,,0,,
CB1231,8,,0,,
CB1341,8,,0,,
CB1587,8,,0,,
CB2358,8,,0,,
CB2795,8,,0,,
CL210,8,,0,,
DLMn c-f,8,efferent neuron,0,,
DNxn109,8,CNS neuron,0,,
FB4F_a,8,,0,,
FB8A,8,,0,,
Hugin-PC,8,,0,,
IN02A030,8,,0,,
IN02A054,8,,0,,
IN03A067,8,,0,,
IN03B063,8,,0,,
IN03B092,8,,0,,
IN05B072,8,,0,,
IN06A019,8,,0,,
IN06A076,8,,0,,
IN06A079,8,,0,,
IN06A110,8,,0,,
IN06A133,8,,0,,
IN06A136,8,,0,,
IN06B073,8,,0,,
IN08A015,8,,0,,
IN09A096,8,CNS neuron,0,,
IN09B043,8,CNS neuron,0,,
IN09B046,8,,0,,
IN11A003,8,,0,,
IN11A014,8,,0,,
IN11B018,8,,0,,
IN11B019,8,,0,,
IN12A043,8,,0,,
IN12B048,8,,0,,
IN13A035,8,,0,,
IN13A059,8,,0,,
IN13B054,8,sensory neuron,0,,
IN14A020,8,,0,,
IN16B032,8,,0,,
IN16B088,8,,0,,
IN17A111,8,,0,,
IN19A005,8,,0,,
IN19A011,8,CNS neuron,0,,
IN19A048,8,,0,,
IN19A069,8,,0,,
IN19B089,8,,0,,
IN19B091,8,,0,,
IN20A.22A074,8,,0,,
IN21A015,8,CNS neuron,0,,
IN21A017,8,sensory neuron,0,,
IN21A078,8,,0,,
INXXX158,8,,0,,
INXXX211,8,,0,,
INXXX231,8,,0,,
INXXX353,8,,0,,
INXXX396,8,,0,,
INXXX405,8,,0,,
INXXX426,8,,0,,
INXXX443,8,,0,,
INXXX446,8,,0,,
INXXX468,8,,0,,
LLPC2a,8,,0,,
LLPC2b,8,,0,,
PFNm_a,8,,0,,
PS087,8,,0,,
PS209,8,,0,,
SAD007,8,,0,,
SAxx02,8,sensory neuron,0,,
SAxxxx,8,sensory neuron,0,,
SIP020,8,,0,,
SNch14,8,sensory neuron,0,,
SNpp20,8,sensory neuron,0,,
SNpp42,8,sensory neuron,0,,
Tergotr. MN,8,efferent neuron,0,,
Tr extensor MN,8,efferent neuron,0,,
WED015,8,,0,,
WED026,8,,0,,
ANXXX202,7,sensory neuron,0,,
AN_GNG_147,7,CNS neuron,0,,
AN_GNG_90,7,sensory neuron,0,,
AVLP026,7,,0,,
AVLP028,7,,0,,
AVLP194,7,,0,,
BM_dOcci,7,sensory neuron,0,,
CB1298,7,,0,,
CB1466,7,,0,,
CB1861,7,,0,,
CB2188,7,,0,,
CB2344,7,,0,,
CB2376,7,,0,,
CB2519,7,,0,,
CB2580,7,,0,,
CB2928,7,,0,,
CB3102,7,,0,,
CB3287,7,,0,,
CoHP8,7,sensory neuron,0,,
CvN1-3,7,efferent neuron,0,,
DNg08,7,CNS neuron,0,,
ER3a_d,7,,0,,
ER3d_c,7,,0,,
IN03A052,7,,0,,
IN03A060,7,,0,,
IN03A089,7,,0,,
IN03B035,7,,0,,
IN03B065,7,,0,,
IN03B074,7,,0,,
IN03B080,7,,0,,
IN03B083,7,,0,,
IN04B027,7,,0,,
IN04B031,7,,0,,
IN05B086,7,,0,,
IN06A044,7,,0,,
IN06A057,7,,0,,
IN06A102,7,,0,,
IN06A130,7,,0,,
IN07B054,7,,0,,
IN07B055,7,,0,,
IN08A031,7,,0,,
IN08B008,7,,0,,
IN08B068,7,,0,,
IN08B083,7,,0,,
IN09A043,7,CNS neuron,0,,
IN09B005,7,,0,,
IN11A007,7,glia,0,,
IN11B013,7,,0,,
IN11B023,7,,0,,
IN12A036,7,,0,,
IN12A044,7,,0,,
IN13A024,7,,0,,
IN13A028,7,,0,,
IN13A036,7,,0,,
IN13A060,7,CNS neuron,0,,
IN13B036,7,,0,,
IN16B061,7,CNS neuron,0,,
IN16B077,7,CNS neuron,0,,
IN16B086,7,,0,,
IN17A025,7,CNS neuron,0,,
IN17A064,7,,0,,
IN19A008,7,,0,,
IN19A015,7,efferent neuron,0,,
IN19A071,7,,0,,
IN19A084,7,,0,,
IN19A100,7,,0,,
IN20A.22A007,7,,0,,
IN20A.22A026,7,,0,,
IN20A.22A028,7,,0,,
IN20A.22A051,7,,0,,
IN21A001,7,efferent neuron,0,,
IN21A042,7,,0,,
IN21A056,7,,0,,
IN23B072,7,,0,,
INXXX217,7,,0,,
INXXX253,7,,0,,
INXXX281,7,,0,,
INXXX321,7,CNS neuron,0,,
INXXX370,7,,0,,
INXXX381,7,sensory neuron,0,,
INXXX401,7,,0,,
INXXX402,7,,0,,
INXXX427,7,sensory neuron,0,,
INXXX436,7,,0,,
INXXX440,7,,0,,
INXXX464,7,CNS neuron,0,,
LAL056,7,,0,,
LAL059,7,,0,,
LC31b,7,,0,,
MNad05,7,efferent neuron,0,,
MNad14,7,efferent neuron,0,,
PS150,7,,0,,
PVLP074,7,,0,,
SA_DLV,7,sensory neuron,0,,
SA_VTV_2,7,sensory neuron,0,,
SAch02,7,sensory neuron,0,,
SApp13,7,sensory neuron,0,,
SApp19,7,sensory neuron,0,,
SAppxx,7,sensory neuron,0,,
SAxx01,7,sensory neuron,0,,
SMP173,7,,0,,
SMP319,7,,0,,
SNpp34,7,sensory neuron,0,,
Tm5Y,7,CNS neuron,0,,
accessory_pharyngeal_nerve_sensory_group1,7,sensory neuron,0,,
l-NSC-ITP,7,efferent neuron,0,,
AN04B003,6,,0,,
AN07B072,6,,0,,
AN07B082,6,,0,,
AN08B079,6,,0,,
AN_3_None,6,,0,,
AN_GNG_135,6,,0,,
AN_GNG_137,6,,0,,
AOTU039,6,,0,,
CB.FB5B0,6,,0,,
CB.FB8C2,6,,0,,
CB0739,6,,0,,
CB0959,6,,0,,
CB0962,6,,0,,
CB1038,6,,0,,
CB1102,6,,0,,
CB1198,6,CNS neuron,0,,
CB1394,6,,0,,
CB1496,6,,0,,
CB1528,6,,0,,
CB1580,6,,0,,
CB1635,6,,0,,
CB1760,6,,0,,
CB1776,6,,0,,
CB2213,6,,0,,
CB2258,6,,0,,
CB2384,6,,0,,
CB2891,6,,0,,
CB3283,6,,0,,
CB3639,6,,0,,
DM4_CX_p__0,6,,0,,
DNg92,6,CNS neuron,0,,
DNxn144,6,CNS neuron,0,,
DVMn 1a-c,6,efferent neuron,0,,
FB2D,6,,0,,
FB3C,6,,0,,
H2rn,6,CNS neuron,0,,
IN01A061,6,sensory neuron,0,,
IN01B016,6,sensory neuron,0,,
IN02A044,6,,0,,
IN02A049,6,,0,,
IN03A026,6,,0,,
IN03A036,6,,0,,
IN03A037,6,,0,,
IN03A051,6,,0,,
IN03A073,6,glia,0,,
IN03A077,6,,0,,
IN03B021,6,,0,,
IN03B054,6,,0,,
IN03B090,6,,0,,
IN04B029,6,,0,,
IN04B054,6,,0,,
IN04B080,6,,0,,
IN04B081,6,glia,0,,
IN04B091,6,,0,,
IN04B101,6,,0,,
IN05B065,6,,0,,
IN06A066,6,,0,,
IN06A070,6,,0,,
IN06A083,6,,0,,
IN06A085,6,,0,,
IN06A098,6,,0,,
IN06A108,6,,0,,
IN06A119,6,,0,,
IN06B028,6,,0,,
IN06B080,6,,0,,
IN06B087,6,,0,,
IN07B007,6,,0,,
IN07B087,6,glia,0,,
IN07B098,6,,0,,
IN08B070,6,,0,,
IN09A012,6,CNS neuron,0,,
IN09A071,6,CNS neuron,0,,
IN09A092,6,,0,,
IN11A022,6,,0,,
IN11A025,6,,0,,
IN11A028,6,,0,,
IN11A040,6,,0,,
IN11B004,6,,0,,
IN12A057,6,,0,,
IN12A061,6,,0,,
IN12B029,6,,0,,
IN13A001,6,,0,,
IN13A002,6,,0,,
IN13A003,6,,0,,
IN13A005,6,CNS neuron,0,,
IN13A006,6,,0,,
IN13A007,6,,0,,
IN13A008,6,,0,,
IN13A010,6,CNS neuron,0,,
IN13A012,6,CNS neuron,0,,
IN13A014,6,,0,,
IN13A015,6,CNS neuron,0,,
IN13A020,6,CNS neuron,0,,
IN13A022,6,,0,,
IN13A057,6,,0,,
IN13A064,6,,0,,
IN13B001,6,sensory neuron,0,,
IN13B021,6,,0,,
IN13B065,6,CNS neuron,0,,
IN13B078,6,,0,,
IN13B097,6,,0,,
IN14A025,6,,0,,
IN14B010,6,CNS neuron,0,,
IN17A001,6,,0,,
IN17A007,6,CNS neuron,0,,
IN17A016,6,CNS neuron,0,,
IN17A019,6,,0,,
IN19A001,6,,0,,
IN19A002,6,,0,,
IN19A003,6,,0,,
IN19A004,6,,0,,
IN19A006,6,,0,,
IN19A007,6,,0,,
IN19A020,6,,0,,
IN19A021,6,,0,,
IN19A022,6,CNS neuron,0,,
IN19A029,6,,0,,
IN19A030,6,,0,,
IN19A032,6,CNS neuron,0,,
IN19A054,6,,0,,
IN19A067,6,,0,,
IN19A081,6,CNS neuron,0,,
IN19A099,6,efferent neuron,0,,
IN19A110,6,,0,,
IN19A121,6,,0,,
IN19B094,6,sensory neuron,0,,
IN20A.22A008,6,,0,,
IN20A.22A009,6,,0,,
IN20A.22A015,6,,0,,
IN20A.22A017,6,,0,,
IN20A.22A027,6,,0,,
IN20A.22A054,6,,0,,
IN20A.22A056,6,,0,,
IN21A003,6,,0,,
IN21A004,6,glia,0,,
IN21A008,6,,0,,
IN21A009,6,,0,,
IN21A011,6,,0,,
IN21A014,6,,0,,
IN21A016,6,,0,,
IN21A018,6,,0,,
IN21A019,6,,0,,
IN21A022,6,,0,,
IN21A023,6,,0,,
IN21A028,6,,0,,
IN21A035,6,,0,,
IN21A044,6,,0,,
IN21A049,6,,0,,
IN21A063,6,,0,,
IN21A083,6,,0,,
IN21A098,6,,0,,
IN23B009,6,,0,,
INXXX100,6,,0,,
INXXX213,6,,0,,
INXXX220,6,,0,,
INXXX265,6,,0,,
INXXX282,6,,0,,
INXXX348,6,efferent neuron,0,,
INXXX400,6,sensory neuron,0,,
INXXX416,6,,0,,
INXXX424,6,sensory neuron,0,,
LAL188,6,,0,,
MNad01,6,efferent neuron,0,,
MNad02,6,efferent neuron,0,,
MNml78,6,efferent neuron,0,,
PFNm_b,6,,0,,
PLP241,6,,0,,
PS004b,6,,0,,
SA1_b,6,,0,,
SAD008,6,,0,,
SA_VTV_4,6,sensory neuron,0,,
SIP024,6,,0,,
SMP016,6,,0,,
SMP018,6,,0,,
SMP406,6,,0,,
SNch13,6,sensory neuron,0,,
SNta14,6,sensory neuron,0,,
SNta18,6,sensory neuron,0,,
Tergopleural/Pleural promotor MN,6,efferent neuron,0,,
TuBu10,6,,0,,
WEDPN7B,6,,0,,
ab-PDF,6,efferent neuron,0,,
columnar,6,,0,,
vDeltaH,6,,0,,
AN05B101,5,,0,,
AN06B046,5,,0,,
AN16B078,5,,0,,
AN_4_63,5,CNS neuron,0,,
AN_FLA_GNG_1,5,,0,,
AN_GNG_123,5,,0,,
AN_GNG_129,5,,0,,
AN_GNG_140,5,,0,,
AN_GNG_62,5,,0,,
AN_GNG_99,5,sensory neuron,0,,
AN_GNG_VES_10,5,sensory neuron,0,,
AOTU052,5,,0,,
ATL009,5,,0,,
AVLP008,5,,0,,
AVLP069,5,,0,,
AVLP187,5,,0,,
CB0742,5,,0,,
CB0960,5,,0,,
CB1068,5,,0,,
CB1071,5,,0,,
CB1184,5,,0,,
CB1239,5,,0,,
CB1380,5,,0,,
CB1759,5,,0,,
CB1949,5,,0,,
CB2044,5,,0,,
CB2187,5,,0,,
CB2225,5,,0,,
CB2293,5,,0,,
CB2370,5,,0,,
CB2604,5,,0,,
CB2670,5,,0,,
CB2801,5,,0,,
CB2893,5,,0,,
CB2911,5,,0,,
CB3022,5,,0,,
CB3082,5,,0,,
CB3145,5,CNS neuron,0,,
CB3199,5,,0,,
CB3516,5,,0,,
CB3821,5,CNS neuron,0,,
CB3824,5,CNS neuron,0,,
CB3827,5,CNS neuron,0,,
CB3835,5,CNS neuron,0,,
DM1_antero_ventral__2,5,,0,,
DNg12,5,CNS neuron,0,,
DNit003,5,CNS neuron,0,,
DNnt013,5,CNS neuron,0,,
DNut058,5,CNS neuron,0,,
ER2_d,5,,0,,
ER3p_b,5,,0,,
FB1E_a,5,,0,,
FB2E,5,,0,,
FB2I_a,5,,0,,
FB7I,5,,0,,
IN00A040,5,,0,,
IN01A038,5,,0,,
IN01A065,5,,0,,
IN01A079,5,,0,,
IN01B044,5,glia,0,,
IN01B056,5,sensory neuron,0,,
IN02A029,5,,0,,
IN02A066,5,,0,,
IN03A050,5,,0,,
IN03A054,5,,0,,
IN03A061,5,CNS neuron,0,,
IN03A085,5,,0,,
IN03A092,5,,0,,
IN03A094,5,,0,,
IN03B042,5,,0,,
IN03B046,5,,0,,
IN03B052,5,,0,,
IN04B019,5,,0,,
IN04B042,5,,0,,
IN04B043,5,,0,,
IN04B062,5,,0,,
IN04B094,5,,0,,
IN04B100,5,,0,,
IN04B107,5,,0,,
IN05B057,5,,0,,
IN05B070,5,glia,0,,
IN05B088,5,,0,,
IN06A061,5,,0,,
IN06A071,5,,0,,
IN06A109,5,sensory neuron,0,,
IN06A124,5,,0,,
IN06A126,5,,0,,
IN06B043,5,,0,,
IN06B070,5,,0,,
IN07B058,5,,0,,
IN07B065,5,,0,,
IN07B066,5,,0,,
IN08A048,5,,0,,
IN09A014,5,CNS neuron,0,,
IN09A034,5,,0,,
IN09A054,5,CNS neuron,0,,
IN09A072,5,,0,,
IN09B045,5,,0,,
IN09B047,5,,0,,
IN11A005,5,,0,,
IN11A008,5,,0,,
IN11A020,5,,0,,
IN11A034,5,,0,,
IN11B003,5,,0,,
IN12A053,5,,0,,
IN12B002,5,,0,,
IN12B018,5,,0,,
IN12B056,5,,0,,
IN12B069,5,,0,,
IN12B075,5,,0,,
IN13A009,5,,0,,
IN13A021,5,CNS neuron,0,,
IN13A032,5,,0,,
IN13A044,5,,0,,
IN13A046,5,,0,,
IN13A054,5,,0,,
IN13A063,5,CNS neuron,0,,
IN13A067,5,,0,,
IN13B064,5,,0,,
IN13B093,5,,0,,
IN14A086,5,,0,,
IN14A110,5,glia,0,,
IN16B108,5,sensory neuron,0,,
IN17A017,5,CNS neuron,0,,
IN17A020,5,,0,,
IN17A022,5,CNS neuron,0,,
IN17A026,5,,0,,
IN17A039,5,,0,,
IN17A041,5,CNS neuron,0,,
IN17A093,5,,0,,
IN17A095,5,,0,,
IN17A104,5,glia,0,,
IN17A113,5,,0,,
IN18B045,5,,0,,
IN19A045,5,,0,,
IN19A046,5,sensory neuron,0,,
IN19A056,5,,0,,
IN19A057,5,,0,,
IN19A065,5,,0,,
IN19A072,5,,0,,
IN19A083,5,,0,,
IN19A085,5,,0,,
IN19A092,5,,0,,
IN19A107,5,CNS neuron,0,,
IN19A109,5,,0,,
IN19A114,5,,0,,
IN20A.22A001,5,,0,,
IN20A.22A023,5,,0,,
IN20A.22A069,5,,0,,
IN20A.22A070,5,,0,,
IN20A.22A076,5,,0,,
IN21A002,5,,0,,
IN21A006,5,,0,,
IN21A007,5,,0,,
IN21A010,5,,0,,
IN21A012,5,efferent neuron,0,,
IN21A013,5,,0,,
IN21A024,5,,0,,
IN21A026,5,glia,0,,
IN21A038,5,,0,,
IN21A059,5,,0,,
IN21A061,5,,0,,
IN21A067,5,,0,,
IN21A079,5,,0,,
IN21A080,5,,0,,
IN21A093,5,,0,,
IN21A102,5,,0,,
IN21A103,5,,0,,
IN23B055,5,,0,,
INXXX052,5,,0,,
INXXX137,5,efferent neuron,0,,
INXXX239,5,,0,,
INXXX316,5,,0,,
INXXX331,5,,0,,
INXXX364,5,,0,,
INXXX386,5,,0,,
INXXX397,5,,0,,
INXXX417,5,,0,,
INXXX460,5,,0,,
INXXX466,5,,0,,
JO-C,5,sensory neuron,0,,
JO-CA,5,sensory neuron,0,,
LC14,5,,0,,
LHCENT13,5,,0,,
LHPV3a1,5,,0,,
LTe49a,5,,0,,
LTe49d,5,,0,,
MNad08,5,efferent neuron,0,,
MNad09,5,efferent neuron,0,,
MNad16,5,efferent neuron,0,,
MNhl68,5,efferent neuron,0,,
PS289,5,,0,,
PS290,5,,0,,
SA_DMT_ADMN_1,5,sensory neuron,0,,
SA_DMT_ADMN_11,5,sensory neuron,0,,
SA_VTV_PDMN_1,5,,0,,
SApp04,5,sensory neuron,0,,
SApp16,5,sensory neuron,0,,
SIP028b,5,,0,,
SLP295b,5,,0,,
SMP167,5,,0,,
SNch08,5,sensory neuron,0,,
SNpp32,5,sensory neuron,0,,
SNta36,5,sensory neuron,0,,
SNxx08,5,sensory neuron,0,,
SNxx16,5,sensory neuron,0,,
SNxx21,5,sensory neuron,0,,
WED145,5,,0,,
WEDa2_44,5,,0,,
bLPTCrn,5,CNS neuron,0,,
bilaterally projecting campaniform sensillum neuron,5,sensory neuron,0,,
pharyngeal_nerve_sensory_group1,5,sensory neuron,0,,
sternal_posterior_rotator_dorsomedial_ribbon,5,efferent neuron,0,,
v2LN42,5,,0,,
vDeltaG,5,,0,,
vMS12,5,,0,,
AMMC B1 like,4,CNS neuron,0,,
AN05B069,4,,0,,
AN07B045,4,,0,,
AN07B069,4,CNS neuron,0,,
AN07B071,4,CNS neuron,0,,
AN08B113,4,,0,,
AN10B037,4,,0,,
AN10B048,4,,0,,
ANXXX084,4,,0,,
AN_GNG_13,4,,0,,
AN_GNG_161,4,,0,,
AN_GNG_168,4,,0,,
AN_GNG_52,4,sensory neuron,0,,
AN_multi_128,4,,0,,
AOTU008d,4,,0,,
AOTU038,4,,0,,
AVLP044a,4,,0,,
AVLP286,4,,0,,
AVLP380b,4,,0,,
AVLP463,4,,0,,
CB.FB1I1,4,,0,,
CB.FB2E1,4,,0,,
CB0007,4,,0,,
CB1159,4,,0,,
CB1271,4,,0,,
CB1331,4,,0,,
CB1450,4,,0,,
CB1508,4,,0,,
CB1620,4,,0,,
CB1668,4,,0,,
CB1724,4,,0,,
CB1743,4,,0,,
CB1765,4,,0,,
CB1779,4,,0,,
CB1814,4,,0,,
CB1919,4,,0,,
CB1996,4,,0,,
CB2157,4,,0,,
CB2209,4,,0,,
CB2267,4,,0,,
CB2282,4,,0,,
CB2378,4,,0,,
CB2399,4,,0,,
CB2405,4,,0,,
CB2417,4,,0,,
CB2506,4,,0,,
CB2616,4,,0,,
CB2830,4,,0,,
CB2898,4,,0,,
CB2903,4,,0,,
CB2909,4,,0,,
CB2926,4,,0,,
CB2973,4,,0,,
CB3006,4,,0,,
CB3092,4,,0,,
CB3111,4,,0,,
CB3229,4,,0,,
CB3321,4,,0,,
CB3534,4,,0,,
CB3792,4,,0,,
CB3796,4,,0,,
CB3815,4,,0,,
CB3816,4,CNS neuron,0,,
CB3840,4,CNS neuron,0,,
CB3852,4,CNS neuron,0,,
CL022,4,,0,,
CL169,4,,0,,
CL313,4,,0,,
CRE080a,4,,0,,
CREl1_30,4,,0,,
CV1030,4,efferent neuron,0,,
CV1034,4,,0,,
CoHP4,4,sensory neuron,0,,
DNfl021,4,CNS neuron,0,,
DNg05,4,CNS neuron,0,,
DNg06,4,CNS neuron,0,,
DNg08_a,4,CNS neuron,0,,
DNg08_b,4,CNS neuron,0,,
DNg110,4,CNS neuron,0,,
DNg74,4,CNS neuron,0,,
DNnt012,4,CNS neuron,0,,
DNut034,4,CNS neuron,0,,
DNxl106,4,CNS neuron,0,,
DNxn117,4,CNS neuron,0,,
DNxn128,4,CNS neuron,0,,
DNxn146,4,CNS neuron,0,,
DNxn179,4,CNS neuron,0,,
DNxn181,4,CNS neuron,0,,
Dm21,4,,0,,
ER2_b,4,,0,,
FB2C,4,,0,,
FB3B,4,,0,,
FB6C_b,4,,0,,
IB002,4,,0,,
IN00A009,4,,0,,
IN00A057,4,,0,,
IN01A030,4,,0,,
IN01A047,4,glia,0,,
IN01A052,4,CNS neuron,0,,
IN01A059,4,,0,,
IN01A062,4,,0,,
IN01A069,4,,0,,
IN01B019,4,,0,,
IN01B020,4,sensory neuron,0,,
IN01B061,4,,0,,
IN01B065,4,,0,,
IN01B080,4,,0,,
IN01B091,4,sensory neuron,0,,
IN01B099,4,sensory neuron,0,,
IN02A038,4,,0,,
IN03A041,4,,0,,
IN03A055,4,,0,,
IN03A069,4,,0,,
IN03A082,4,,0,,
IN03A090,4,,0,,
IN03B012,4,,0,,
IN03B015,4,,0,,
IN03B019,4,,0,,
IN03B020,4,,0,,
IN03B032,4,,0,,
IN03B053,4,,0,,
IN03B055,4,,0,,
IN03B057,4,,0,,
IN03B064,4,,0,,
IN03B088,4,,0,,
IN04B041,4,,0,,
IN04B046,4,,0,,
IN04B050,4,,0,,
IN04B071,4,,0,,
IN04B084,4,,0,,
IN04B085,4,,0,,
IN04B104,4,,0,,
IN05B017,4,,0,,
IN05B022,4,,0,,
IN05B033,4,,0,,
IN05B042,4,,0,,
IN05B066,4,,0,,
IN05B075,4,,0,,
IN05B089,4,,0,,
IN05B091,4,,0,,
IN06A003,4,,0,,
IN06A020,4,,0,,
IN06A033,4,,0,,
IN06A042,4,,0,,
IN06A050,4,,0,,
IN06A072,4,,0,,
IN06A077,4,,0,,
IN06A081,4,,0,,
IN06A087,4,,0,,
IN06A093,4,,0,,
IN06A096,4,,0,,
IN06A097,4,,0,,
IN06A100,4,,0,,
IN06A103,4,,0,,
IN06A120,4,,0,,
IN06A129,4,,0,,
IN06A134,4,,0,,
IN06A137,4,,0,,
IN06B017,4,CNS neuron,0,,
IN06B029,4,glia,0,,
IN06B040,4,,0,,
IN06B047,4,,0,,
IN06B053,4,,0,,
IN06B072,4,,0,,
IN06B081,4,,0,,
IN07B001,4,,0,,
IN07B030,4,,0,,
IN07B031,4,,0,,
IN08A011,4,,0,,
IN08A037,4,,0,,
IN08A042,4,,0,,
IN08B051,4,,0,,
IN08B085,4,,0,,
IN09A030,4,CNS neuron,0,,
IN09A066,4,,0,,
IN09A081,4,,0,,
IN09B006,4,,0,,
IN09B022,4,,0,,
IN10B011,4,,0,,
IN10B014,4,,0,,
IN10B028,4,,0,,
IN11A011,4,,0,,
IN11A016,4,,0,,
IN11A019,4,,0,,
IN11A024,4,,0,,
IN11A030,4,,0,,
IN11A031,4,,0,,
IN11A043,4,,0,,
IN11B001,4,,0,,
IN12A018,4,,0,,
IN12A042,4,,0,,
IN12A052,4,,0,,
IN12A062,4,,0,,
IN12B011,4,,0,,
IN12B024,4,,0,,
IN12B032,4,,0,,
IN12B038,4,,0,,
IN12B040,4,,0,,
IN12B041,4,,0,,
IN13A004,4,,0,,
IN13A013,4,,0,,
IN13A027,4,CNS neuron,0,,
IN13A049,4,CNS neuron,0,,
IN13A052,4,,0,,
IN13B005,4,glia,0,,
IN13B026,4,,0,,
IN13B030,4,,0,,
IN13B058,4,CNS neuron,0,,
IN13B073,4,,0,,
IN13B075,4,CNS neuron,0,,
IN13B087,4,,0,,
IN13B089,4,,0,,
IN14A047,4,,0,,
IN14A048,4,,0,,
IN14A052,4,CNS neuron,0,,
IN14A084,4,,0,,
IN14A095,4,,0,,
IN14B005,4,,0,,
IN14B007,4,CNS neuron,0,,
IN14B012,4,,0,,
IN16B064,4,CNS neuron,0,,
IN16B083,4,CNS neuron,0,,
IN16B098,4,,0,,
IN16B121,4,CNS neuron,0,,
IN17A043,4,,0,,
IN17A044,4,,0,,
IN17A049,4,,0,,
IN17A055,4,,0,,
IN17A058,4,,0,,
IN17A069,4,,0,,
IN17A071,4,,0,,
IN17A077,4,,0,,
IN17A079,4,CNS neuron,0,,
IN17A089,4,,0,,
IN17A108,4,,0,,
IN17A112,4,,0,,
IN18B021,4,,0,,
IN18B042,4,,0,,
IN19A009,4,,0,,
IN19A010,4,,0,,
IN19A012,4,CNS neuron,0,,
IN19A013,4,,0,,
IN19A014,4,,0,,
IN19A019,4,,0,,
IN19A024,4,,0,,
IN19A042,4,,0,,
IN19A047,4,,0,,
IN19A052,4,,0,,
IN19A059,4,,0,,
IN19A070,4,,0,,
IN19A086,4,,0,,
IN19A113,4,,0,,
IN19A118,4,,0,,
IN19A120,4,,0,,
IN19B003,4,,0,,
IN19B067,4,sensory neuron,0,,
IN19B070,4,,0,,
IN20A.22A006,4,,0,,
IN20A.22A010,4,,0,,
IN20A.22A016,4,,0,,
IN20A.22A019,4,,0,,
IN20A.22A029,4,,0,,
IN20A.22A041,4,,0,,
IN20A.22A042,4,,0,,
IN20A.22A052,4,,0,,
IN20A.22A065,4,,0,,
IN20A.22A078,4,,0,,
IN20A.22A088,4,,0,,
IN20A.22A089,4,,0,,
IN20A.22A092,4,,0,,
IN21A005,4,,0,,
IN21A020,4,,0,,
IN21A046,4,,0,,
IN21A051,4,,0,,
IN21A077,4,,0,,
IN21A086,4,,0,,
IN21A095,4,,0,,
IN23B018,4,,0,,
IN23B023,4,,0,,
IN23B041,4,,0,,
IN23B056,4,,0,,
IN23B059,4,,0,,
IN23B071,4,glia,0,,
INXXX027,4,,0,,
INXXX044,4,,0,,
INXXX045,4,,0,,
INXXX095,4,,0,,
INXXX126,4,,0,,
INXXX167,4,,0,,
INXXX212,4,,0,,
INXXX257,4,glia,0,,
INXXX267,4,,0,,
INXXX309,4,,0,,
INXXX357,4,,0,,
INXXX365,4,,0,,
INXXX377,4,,0,,
INXXX384,4,,0,,
INXXX441,4,efferent neuron,0,,
INXXX450,4,,0,,
JO-EDC,4,sensory neuron,0,,
LHPV2a2,4,,0,,
LUL130,4,CNS neuron,0,,
Li124_56,4,,0,,
MNad04,4,efferent neuron,0,,
MNad06,4,efferent neuron,0,,
MNad11,4,efferent neuron,0,,
MNad53,4,efferent neuron,0,,
MNhl67,4,efferent neuron,0,,
OCG01,4,,0,,
PLP053b,4,,0,,
PLP065b,4,,0,,
PLP087a,4,,0,,
PS008,4,,0,,
PS095,4,,0,,
PS097,4,,0,,
PS208,4,,0,,
PS261,4,,0,,
PSa1_49,4,,0,,
PVLP008,4,,0,,
SAD016,4,,0,,
SApp20,4,sensory neuron,0,,
SEZ-NSC-Hugin,4,efferent neuron,0,,
SMP293,4,,0,,
SMP405,4,,0,,
SMP459,4,,0,,
SNpp06,4,sensory neuron,0,,
SNpp23,4,sensory neuron,0,,
SNpp35,4,sensory neuron,0,,
SNpp46,4,sensory neuron,0,,
SNxx30,4,sensory neuron,0,,
Sternal adductor MN,4,efferent neuron,0,,
T1 “multinerve” neuron,4,efferent neuron,0,,
Ta levator MN,4,efferent neuron,0,,
VLPl&p1_posterior_60,4,,0,,
WED001,4,,0,,
WED094c,4,,0,,
aSP-g2,4,,0,,
oviDNx,4,CNS neuron,0,,
s-LNv,4,,0,,
synapseless ascending,4,,0,,
vPR1b,4,CNS neuron,0,,
vPR9,4,,0,,
AN01A055,3,,0,,
AN05B036,3,sensory neuron,0,,
AN05B053,3,,0,,
AN05B054,3,,0,,
AN07B056,3,,0,,
AN07B076,3,,0,,
AN07B089,3,,0,,
AN08B097,3,,0,,
AN09B018,3,CNS neuron,0,,
AN10B033,3,CNS neuron,0,,
AN10B034,3,,0,,
AN10B035,3,,0,,
AN10B046,3,,0,,
AN10B047,3,,0,,
AN10B053,3,,0,,
AN19B001,3,,0,,
AN19B060,3,,0,,
AN19B065,3,,0,,
AN19B076,3,,0,,
AN19B079,3,,0,,
AN19B104,3,,0,,
ANXXX099,3,,0,,
ANXXX136,3,sensory neuron,0,,
AN_8_13,3,,0,,
AN_8_None,3,,0,,
AN_9_None,3,,0,,
AN_FLA_PRW_1,3,,0,,
AN_FLA_PRW_2,3,,0,,
AN_GNG_11,3,CNS neuron,0,,
AN_GNG_110,3,,0,,
AN_GNG_204,3,,0,,
AN_GNG_IPS_13,3,,0,,
AN_SMP_2,3,,0,,
AN_multi_104,3,,0,,
AN_multi_119,3,,0,,
AOTUv4_dorsal_26,3,,0,,
ATL010,3,,0,,
AVLP469b,3,,0,,
AVLP559a,3,,0,,
AVLP570,3,,0,,
CB.FB2E7,3,,0,,
CB.FB5D4,3,,0,,
CB0270,3,,0,,
CB0299,3,,0,,
CB0352,3,,0,,
CB0398,3,,0,,
CB0663,3,,0,,
CB0719,3,,0,,
CB0726,3,efferent neuron,0,,
CB0727,3,,0,,
CB0988,3,,0,,
CB1029,3,,0,,
CB1066,3,,0,,
CB1092,3,,0,,
CB1097,3,,0,,
CB1127,3,,0,,
CB1144,3,,0,,
CB1221,3,,0,,
CB1297,3,,0,,
CB1315,3,,0,,
CB1324,3,,0,,
CB1360,3,,0,,
CB1430,3,,0,,
CB1436,3,,0,,
CB1446,3,,0,,
CB1452,3,,0,,
CB1468,3,,0,,
CB1474,3,,0,,
CB1501,3,,0,,
CB1514,3,,0,,
CB1747,3,,0,,
CB1755,3,,0,,
CB1764,3,,0,,
CB1772,3,,0,,
CB1830,3,,0,,
CB1917,3,,0,,
CB1961,3,,0,,
CB1962,3,,0,,
CB1989,3,,0,,
CB2014,3,glia,0,,
CB2056,3,,0,,
CB2068,3,,0,,
CB2069,3,,0,,
CB2091,3,,0,,
CB2103,3,,0,,
CB2119,3,,0,,
CB2220,3,,0,,
CB2238,3,,0,,
CB2271,3,,0,,
CB2289,3,,0,,
CB2334,3,,0,,
CB2367,3,,0,,
CB2403,3,,0,,
CB2502,3,,0,,
CB2536,3,,0,,
CB2554,3,,0,,
CB2581,3,,0,,
CB2591,3,,0,,
CB2605,3,,0,,
CB2662,3,,0,,
CB2699,3,,0,,
CB2712,3,,0,,
CB2738,3,,0,,
CB2745,3,,0,,
CB2781,3,,0,,
CB2785,3,,0,,
CB2881,3,,0,,
CB2905,3,,0,,
CB2917,3,,0,,
CB2932,3,,0,,
CB2951,3,,0,,
CB3083,3,,0,,
CB3114,3,,0,,
CB3176,3,,0,,
CB3284,3,,0,,
CB3289,3,,0,,
CB3315,3,,0,,
CB3423,3,,0,,
CB3434,3,,0,,
CB3482,3,,0,,
CB3491,3,,0,,
CB3501,3,,0,,
CB3521,3,,0,,
CB3531,3,,0,,
CB3538,3,,0,,
CB3550,3,,0,,
CB3622,3,,0,,
CB3628,3,,0,,
CB3637,3,,0,,
CB3640,3,,0,,
CB3673,3,,0,,
CB3723,3,,0,,
CB3751,3,,0,,
CB3793,3,,0,,
CB3804,3,,0,,
CB3861,3,,0,,
CB3864,3,CNS neuron,0,,
CB3890,3,,0,,
CB3891,3,,0,,
CL008,3,,0,,
CL078a,3,,0,,
CL266b,3,,0,,
CL300,3,,0,,
CL355,3,,0,,
CRE018,3,,0,,
CRE103,3,,0,,
CV1002,3,,0,,
CV1006,3,,0,,
CV1011,3,,0,,
CV1013,3,,0,,
CV1016,3,,0,,
CoHP3,3,sensory neuron,0,,
DM1_CX_v__0,3,,0,,
DM3_CX_v__0,3,,0,,
DN2,3,,0,,
DNfl020,3,CNS neuron,0,,
DNg18,3,CNS neuron,0,,
DNg36,3,CNS neuron,0,,
DNg52,3,CNS neuron,0,,
DNit005,3,CNS neuron,0,,
DNlt010,3,CNS neuron,0,,
DNut036,3,CNS neuron,0,,
DNut047,3,CNS neuron,0,,
DNxl071,3,sensory neuron,0,,
DNxn006,3,CNS neuron,0,,
DNxn112,3,CNS neuron,0,,
DNxn115,3,,0,,
DNxn134,3,CNS neuron,0,,
DNxn165,3,CNS neuron,0,,
DNxn187,3,CNS neuron,0,,
EN27X010,3,efferent neuron,0,,
ENXXX286,3,efferent neuron,0,,
FB2F_a,3,,0,,
FB2G_b,3,,0,,
FB3A,3,,0,,
FB5A,3,,0,,
FB5D,3,,0,,
FB5P,3,,0,,
FB5Y,3,,0,,
FB8H,3,,0,,
GFC1,3,,0,,
IN00A022,3,,0,,
IN00A025,3,,0,,
IN00A031,3,,0,,
IN00A043,3,,0,,
IN00A045,3,,0,,
IN00A053,3,,0,,
IN00A063,3,,0,,
IN01A015,3,,0,,
IN01A039,3,,0,,
IN01A040,3,CNS neuron,0,,
IN01A054,3,,0,,
IN01A068,3,,0,,
IN01A070,3,,0,,
IN01A071,3,,0,,
IN01A078,3,,0,,
IN01A082,3,,0,,
IN01A088,3,,0,,
IN01B003,3,,0,,
IN01B024,3,sensory neuron,0,,
IN01B033,3,,0,,
IN01B038,3,sensory neuron,0,,
IN01B039,3,sensory neuron,0,,
IN01B045,3,,0,,
IN01B070,3,sensory neuron,0,,
IN01B100,3,,0,,
IN02A015,3,,0,,
IN02A041,3,,0,,
IN02A043,3,,0,,
IN02A060,3,,0,,
IN02A061,3,,0,,
IN02A064,3,,0,,
IN03A006,3,,0,,
IN03A013,3,,0,,
IN03A018,3,,0,,
IN03A020,3,,0,,
IN03A031,3,,0,,
IN03A039,3,,0,,
IN03A059,3,,0,,
IN03A071,3,,0,,
IN03A072,3,,0,,
IN03A083,3,,0,,
IN03A084,3,,0,,
IN03A088,3,,0,,
IN03A095,3,,0,,
IN03B043,3,,0,,
IN03B056,3,,0,,
IN03B059,3,,0,,
IN03B062,3,,0,,
IN03B087,3,,0,,
IN04A002,3,,0,,
IN04B037,3,,0,,
IN04B044,3,,0,,
IN04B063,3,,0,,
IN04B066,3,,0,,
IN04B067,3,,0,,
IN04B070,3,,0,,
IN04B072,3,,0,,
IN04B073,3,,0,,
IN04B087,3,,0,,
IN04B088,3,,0,,
IN04B090,3,,0,,
IN04B092,3,,0,,
IN04B098,3,,0,,
IN04B105,3,,0,,
IN04B110,3,,0,,
IN04B111,3,,0,,
IN05B011,3,,0,,
IN05B032,3,,0,,
IN05B064,3,,0,,
IN06A011,3,,0,,
IN06A032,3,,0,,
IN06A034,3,,0,,
IN06A048,3,,0,,
IN06A052,3,,0,,
IN06A054,3,,0,,
IN06A056,3,,0,,
IN06A065,3,,0,,
IN06A078,3,,0,,
IN06A090,3,,0,,
IN06A099,3,,0,,
IN06A114,3,,0,,
IN06A115,3,,0,,
IN06A122,3,,0,,
IN06B016,3,,0,,
IN06B052,3,,0,,
IN06B059,3,,0,,
IN06B078,3,,0,,
IN06B079,3,,0,,
IN06B083,3,,0,,
IN07B002,3,,0,,
IN07B006,3,,0,,
IN07B023,3,,0,,
IN07B029,3,,0,,
IN07B074,3,,0,,
IN08A029,3,,0,,
IN08A033,3,,0,,
IN08A035,3,,0,,
IN08A039,3,sensory neuron,0,,
IN08A040,3,,0,,
IN08A045,3,,0,,
IN08A050,3,CNS neuron,0,,
IN08B030,3,,0,,
IN08B056,3,,0,,
IN08B091,3,,0,,
IN08B092,3,,0,,
IN09A001,3,CNS neuron,0,,
IN09A007,3,,0,,
IN09A010,3,glia,0,,
IN09A013,3,,0,,
IN09A019,3,,0,,
IN09A035,3,,0,,
IN09A037,3,,0,,
IN09A055,3,,0,,
IN09A060,3,sensory neuron,0,,
IN09A063,3,CNS neuron,0,,
IN09A080,3,CNS neuron,0,,
IN09A083,3,CNS neuron,0,,
IN09B008,3,,0,,
IN09B051,3,,0,,
IN10B007,3,,0,,
IN10B032,3,,0,,
IN10B038,3,,0,,
IN10B057,3,,0,,
IN11A010,3,,0,,
IN11A012,3,,0,,
IN11A036,3,,0,,
IN11A037,3,,0,,
IN11A041,3,,0,,
IN11A042,3,,0,,
IN11B009,3,,0,,
IN12A058,3,,0,,
IN12A060,3,,0,,
IN12B005,3,,0,,
IN12B023,3,,0,,
IN12B035,3,,0,,
IN12B037,3,,0,,
IN12B042,3,,0,,
IN12B052,3,,0,,
IN12B057,3,,0,,
IN12B066,3,,0,,
IN12B068,3,,0,,
IN12B071,3,,0,,
IN12B074,3,,0,,
IN12B081,3,,0,,
IN12B087,3,,0,,
IN12B088,3,,0,,
IN13A023,3,,0,,
IN13A025,3,,0,,
IN13A043,3,CNS neuron,0,,
IN13A058,3,CNS neuron,0,,
IN13A071,3,CNS neuron,0,,
IN13B012,3,,0,,
IN13B013,3,,0,,
IN13B018,3,,0,,
IN13B022,3,,0,,
IN13B032,3,CNS neuron,0,,
IN13B056,3,,0,,
IN13B059,3,,0,,
IN13B060,3,,0,,
IN13B061,3,,0,,
IN13B069,3,,0,,
IN13B096,3,,0,,
IN14A001,3,,0,,
IN14A002,3,,0,,
IN14A005,3,,0,,
IN14A008,3,,0,,
IN14A021,3,,0,,
IN14A024,3,,0,,
IN14A028,3,,0,,
IN14A029,3,,0,,
IN14A037,3,CNS neuron,0,,
IN14A042,3,,0,,
IN14A056,3,,0,,
IN14A068,3,CNS neuron,0,,
IN14A087,3,,0,,
IN14A106,3,,0,,
IN14A109,3,,0,,
IN14A123,3,glia,0,,
IN14B011,3,,0,,
IN16B016,3,,0,,
IN16B018,3,CNS neuron,0,,
IN16B050,3,CNS neuron,0,,
IN16B053,3,,0,,
IN16B058,3,CNS neuron,0,,
IN16B074,3,,0,,
IN16B091,3,,0,,
IN16B094,3,CNS neuron,0,,
IN16B114,3,CNS neuron,0,,
IN16B115,3,CNS neuron,0,,
IN17A035,3,,0,,
IN17A057,3,,0,,
IN17A060,3,,0,,
IN17A063,3,,0,,
IN17A065,3,CNS neuron,0,,
IN17A078,3,,0,,
IN17A080,3,,0,,
IN17A084,3,,0,,
IN17A085,3,,0,,
IN17A091,3,,0,,
IN17A101,3,,0,,
IN17A109,3,,0,,
IN17A115,3,,0,,
IN17A119,3,,0,,
IN18B016,3,,0,,
IN18B034,3,,0,,
IN18B035,3,,0,,
IN18B055,3,,0,,
IN19A026,3,,0,,
IN19A027,3,,0,,
IN19A043,3,,0,,
IN19A044,3,,0,,
IN19A076,3,,0,,
IN19A082,3,,0,,
IN19A095,3,,0,,
IN19A104,3,,0,,
IN19A127,3,,0,,
IN19A133,3,CNS neuron,0,,
IN19B043,3,,0,,
IN19B045,3,,0,,
IN19B071,3,,0,,
IN19B075,3,,0,,
IN19B077,3,,0,,
IN20A.22A004,3,,0,,
IN20A.22A033,3,,0,,
IN20A.22A040,3,,0,,
IN20A.22A044,3,,0,,
IN20A.22A047,3,,0,,
IN20A.22A049,3,,0,,
IN20A.22A066,3,,0,,
IN20A.22A068,3,,0,,
IN20A.22A079,3,,0,,
IN20A.22A083,3,,0,,
IN20A.22A085,3,,0,,
IN20A.22A086,3,,0,,
IN20A.22A087,3,,0,,
IN21A040,3,,0,,
IN21A048,3,,0,,
IN21A053,3,,0,,
IN21A062,3,,0,,
IN21A075,3,,0,,
IN21A081,3,,0,,
IN21A085,3,,0,,
IN21A089,3,,0,,
IN21A105,3,,0,,
IN23B025,3,,0,,
IN23B031,3,,0,,
IN23B032,3,,0,,
IN23B066,3,,0,,
IN23B094,3,,0,,
INXXX078,3,,0,,
INXXX112,3,,0,,
INXXX180,3,,0,,
INXXX188,3,efferent neuron,0,,
INXXX204,3,,0,,
INXXX237,3,,0,,
INXXX260,3,,0,,
INXXX280,3,,0,,
INXXX303,3,,0,,
INXXX306,3,,0,,
INXXX317,3,,0,,
INXXX319,3,,0,,
INXXX337,3,,0,,
INXXX350,3,,0,,
INXXX369,3,,0,,
INXXX373,3,,0,,
INXXX399,3,,0,,
INXXX414,3,,0,,
INXXX415,3,,0,,
INXXX419,3,,0,,
INXXX437,3,,0,,
INXXX452,3,,0,,
INXXX458,3,,0,,
JO-EVP,3,sensory neuron,0,,
JO-FDA,3,sensory neuron,0,,
LAL026,3,,0,,
LAL029,3,,0,,
LAL043,3,,0,,
LAL144,3,,0,,
LAL147b,3,,0,,
LHAV2g2,3,,0,,
LHPV2a1_b,3,,0,,
LT82a,3,,0,,
MD3_baf54cd7,3,,0,,
MNad10,3,efferent neuron,0,,
MNad12,3,efferent neuron,0,,
MNad18,3,efferent neuron,0,,
MNad21,3,efferent neuron,0,,
MNad22,3,efferent neuron,0,,
MNad24,3,efferent neuron,0,,
MNad33,3,efferent neuron,0,,
MNad40,3,efferent neuron,0,,
MNad58,3,efferent neuron,0,,
MNad61,3,efferent neuron,0,,
MNad65,3,efferent neuron,0,,
MNhl29,3,efferent neuron,0,,
MNhm42,3,efferent neuron,0,,
MNml79,3,efferent neuron,0,,
MNnm10,3,efferent neuron,0,,
PFR,3,,0,,
PLP103c,3,,0,,
PLP237,3,,0,,
PS033,3,,0,,
PS076,3,,0,,
PS096,3,,0,,
PS251,3,,0,,
Pleural remotor abductor MN,3,efferent neuron,0,,
SAD014,3,,0,,
SA_DMT_DMetaN_5,3,,0,,
SA_DMT_DMetaN_6,3,CNS neuron,0,,
SApp14,3,sensory neuron,0,,
SApp18,3,sensory neuron,0,,
SApp21,3,sensory neuron,0,,
SLP241,3,,0,,
SLP286b,3,,0,,
SLP291,3,,0,,
SLP345,3,,0,,
SLP398a,3,,0,,
SLPal1__0,3,,0,,
SMP029,3,,0,,
SMP075b,3,,0,,
SMP103,3,,0,,
SMP143,3,,0,,
SMP145,3,,0,,
SMP215a,3,,0,,
SMP352,3,,0,,
SMP362,3,,0,,
SMP510b,3,,0,,
SMPpm1_26,3,,0,,
SNpp04,3,sensory neuron,0,,
SNpp07,3,sensory neuron,0,,
SNpp14,3,sensory neuron,0,,
SNpp24,3,sensory neuron,0,,
SNpp30,3,sensory neuron,0,,
SNpp62,3,sensory neuron,0,,
SNta01,3,sensory neuron,0,,
SNta22,3,sensory neuron,0,,
SNxx12,3,sensory neuron,0,,
SNxx19,3,sensory neuron,0,,
SNxx23,3,sensory neuron,0,,
SpsP,3,,0,,
Ta depressor MN,3,efferent neuron,0,,
Tr/flexor/MN,3,efferent neuron,0,,
VLPd&p1_dorsal_9,3,,0,,
VLPl&p2_posterior_38,3,,0,,
VLPl&p2_posterior_46,3,,0,,
VLPl1_or_VLPl5_53,3,,0,,
VLPl2_medial_92,3,,0,,
VS3,3,,0,,
VS5,3,,0,,
WED067,3,,0,,
WED093,3,,0,,
WED144,3,,0,,
WEDPN3,3,,0,,
WEDa2_5,3,,0,,
abd_Dsx_OA,3,efferent neuron,0,,
accessory_tibia_flexor_A,3,efferent neuron,0,,
accessory_tibia_flexor_B,3,efferent neuron,0,,
accessory_tibia_flexor_C,3,efferent neuron,0,,
antennal motor neuron,3,efferent neuron,0,,
femur_reductor,3,efferent neuron,0,,
hi1 MN,3,efferent neuron,0,,
l_NSC_unknown,3,efferent neuron,0,,
oviDNb-like,3,CNS neuron,0,,
sternal_posterior_rotator,3,efferent neuron,0,,
sternotrochanter_extensor,3,efferent neuron,0,,
tergotrochanter_extensor,3,efferent neuron,0,,
trochanter_flexor_dorsomedial_ribbon,3,efferent neuron,0,,
trochanter_flexor_ventrolateral_ribbon,3,efferent neuron,0,,
v2LN40,3,,0,,
vPR1a,3,,0,,
vPR6,3,,0,,
AN01A014,2,,0,,
AN01B002,2,,0,,
AN04B023,2,CNS neuron,0,,
AN05B007,2,,0,,
AN05B052,2,,0,,
AN05B097,2,CNS neuron,0,,
AN06A010,2,,0,,
AN06A030,2,,0,,
AN06A112,2,,0,,
AN06B007,2,,0,,
AN06B023,2,,0,,
AN06B051,2,,0,,
AN07B049,2,CNS neuron,0,,
AN07B052,2,CNS neuron,0,,
AN07B070,2,,0,,
AN07B085,2,CNS neuron,0,,
AN07B091,2,,0,,
AN08B034,2,,0,,
AN08B099,2,,0,,
AN09A007,2,CNS neuron,0,,
AN09B004,2,,0,,
AN09B015,2,,0,,
AN09B016,2,,0,,
AN09B023,2,,0,,
AN10B015,2,sensory neuron,0,,
AN10B039,2,,0,,
AN12B008,2,,0,,
AN12B060,2,,0,,
AN12B089,2,,0,,
AN17A031,2,,0,,
AN19A018,2,,0,,
AN19B061,2,,0,,
AN19B063,2,,0,,
AN19B093,2,,0,,
AN23B001,2,,0,,
AN27X009,2,,0,,
ANXXX008,2,,0,,
ANXXX043,2,,0,,
ANXXX093,2,,0,,
ANXXX116,2,,0,,
ANXXX318,2,,0,,
AN_AVLP_27,2,,0,,
AN_GNG_194,2,,0,,
AN_GNG_200,2,,0,,
AN_GNG_78,2,,0,,
AN_GNG_88,2,,0,,
AN_GNG_94,2,CNS neuron,0,,
AN_GNG_IPS_20,2,,0,,
AN_GNG_IPS_4,2,,0,,
AN_GNG_SAD_1,2,,0,,
AN_GNG_SAD_22,2,,0,,
AN_GNG_SAD_26,2,sensory neuron,0,,
AN_GNG_SAD_29,2,,0,,
AN_PRW_FLA_1,2,,0,,
AN_SAD_FLA_1,2,sensory neuron,0,,
AN_multi_120,2,,0,,
AN_multi_121,2,,0,,
AN_multi_123,2,sensory neuron,0,,
AOTU008_a,2,,0,,
AOTU008_b,2,,0,,
AOTU008a,2,,0,,
AOTU016,2,,0,,
AOTU017,2,,0,,
AVLP005,2,,0,,
AVLP105,2,,0,,
AVLP141,2,,0,,
AVLP234b,2,,0,,
AVLP309a,2,,0,,
AVLP380a,2,,0,,
AVLP441,2,,0,,
AVLP458,2,,0,,
AVLP569,2,,0,,
Allatostatin-C,2,CNS neuron,0,,
BDN2,2,CNS neuron,0,,
BM_Oc,2,sensory neuron,0,,
CB.FB2E3,2,,0,,
CB.FB5C0,2,,0,,
CB.FB6B1,2,,0,,
CB.FB6D2,2,,0,,
CB.FB7E2,2,,0,,
CB.FB9C0,2,,0,,
CB.FB9D0,2,,0,,
CB0064,2,,0,,
CB0094,2,,0,,
CB0126,2,,0,,
CB0179,2,,0,,
CB0306,2,,0,,
CB0336,2,,0,,
CB0364,2,,0,,
CB0578,2,,0,,
CB0796,2,,0,,
CB0875,2,,0,,
CB0905,2,efferent neuron,0,,
CB0967,2,,0,,
CB1037,2,,0,,
CB1141,2,,0,,
CB1143,2,,0,,
CB1152,2,,0,,
CB1161,2,,0,,
CB1196,2,,0,,
CB1223,2,,0,,
CB1234,2,,0,,
CB1259,2,,0,,
CB1261,2,,0,,
CB1273,2,,0,,
CB1302,2,,0,,
CB1310,2,,0,,
CB1328,2,,0,,
CB1335,2,,0,,
CB1371,2,,0,,
CB1377,2,,0,,
CB1416,2,,0,,
CB1440,2,,0,,
CB1443,2,,0,,
CB1563,2,,0,,
CB1578,2,,0,,
CB1589,2,,0,,
CB1713,2,,0,,
CB1734,2,,0,,
CB1749,2,,0,,
CB1762,2,,0,,
CB1810,2,,0,,
CB1831,2,,0,,
CB1872,2,,0,,
CB1886,2,,0,,
CB1893,2,,0,,
CB1922,2,,0,,
CB1925,2,CNS neuron,0,,
CB1969,2,,0,,
CB1993,2,,0,,
CB2010,2,,0,,
CB2011,2,,0,,
CB2020,2,,0,,
CB2023,2,,0,,
CB2024,2,,0,,
CB2030,2,,0,,
CB2076,2,,0,,
CB2085,2,,0,,
CB2102,2,,0,,
CB2128,2,,0,,
CB2142,2,,0,,
CB2155,2,,0,,
CB2156,2,,0,,
CB2169,2,,0,,
CB2197,2,,0,,
CB2239,2,,0,,
CB2264,2,,0,,
CB2266,2,,0,,
CB2274,2,,0,,
CB2276,2,,0,,
CB2283,2,,0,,
CB2307,2,,0,,
CB2308,2,,0,,
CB2327,2,,0,,
CB2354,2,,0,,
CB2368,2,,0,,
CB2375,2,,0,,
CB2382,2,,0,,
CB2391,2,CNS neuron,0,,
CB2395,2,,0,,
CB2422,2,,0,,
CB2424,2,,0,,
CB2446,2,,0,,
CB2454,2,,0,,
CB2470,2,,0,,
CB2474,2,,0,,
CB2482,2,,0,,
CB2487,2,,0,,
CB2505,2,,0,,
CB2564,2,,0,,
CB2571,2,,0,,
CB2607,2,,0,,
CB2629,2,,0,,
CB2634,2,,0,,
CB2651,2,,0,,
CB2654,2,,0,,
CB2663,2,,0,,
CB2665,2,,0,,
CB2673,2,,0,,
CB2696,2,,0,,
CB2723,2,,0,,
CB2728,2,,0,,
CB2730,2,,0,,
CB2776,2,,0,,
CB2821,2,,0,,
CB2841,2,,0,,
CB2868,2,,0,,
CB2997,2,,0,,
CB3003,2,,0,,
CB3011,2,,0,,
CB3077,2,,0,,
CB3126,2,,0,,
CB3154,2,,0,,
CB3177,2,CNS neuron,0,,
CB3183,2,,0,,
CB3219,2,,0,,
CB3230,2,,0,,
CB3234,2,,0,,
CB3238,2,,0,,
CB3262,2,,0,,
CB3272,2,,0,,
CB3273,2,,0,,
CB3298,2,,0,,
CB3317,2,,0,,
CB3346,2,,0,,
CB3359,2,,0,,
CB3379,2,,0,,
CB3422,2,,0,,
CB3426,2,,0,,
CB3473,2,,0,,
CB3527,2,,0,,
CB3546,2,,0,,
CB3551,2,,0,,
CB3560,2,,0,,
CB3611,2,,0,,
CB3651,2,,0,,
CB3653,2,,0,,
CB3749,2,,0,,
CB3764,2,,0,,
CB3787,2,,0,,
CB3820,2,,0,,
CB3841,2,CNS neuron,0,,
CB3845,2,CNS neuron,0,,
CB3858,2,,0,,
CB3859,2,,0,,
CIN-P9-1,2,,0,,
CIN-P9-3,2,,0,,
CL013,2,,0,,
CL059,2,,0,,
CL060,2,,0,,
CL099a,2,,0,,
CL161,2,,0,,
CL209,2,,0,,
CL210_b,2,,0,,
CL237,2,,0,,
CL266a,2,,0,,
CL353,2,,0,,
CRE094,2,,0,,
CRZ02,2,,0,,
CV1001,2,,0,,
CV1003,2,,0,,
CV1004,2,,0,,
CV1005,2,,0,,
CV1007,2,efferent neuron,0,,
CV1008,2,,0,,
CV1009,2,,0,,
CV1010,2,,0,,
CV1012,2,,0,,
CV1014,2,,0,,
CV1015,2,,0,,
CV1017,2,,0,,
CV1018,2,,0,,
CV1019,2,,0,,
CV1020,2,,0,,
CV1021,2,,0,,
CV1022,2,,0,,
CV1023,2,,0,,
CV1024,2,,0,,
CV1025,2,sensory neuron,0,,
CV1026,2,CNS neuron,0,,
CV1027,2,efferent neuron,0,,
CV1028,2,,0,,
CV1029,2,,0,,
CV1031,2,,0,,
CV1032,2,,0,,
CV1035,2,,0,,
CV1036,2,,0,,
CV1037,2,efferent neuron,0,,
CV1038,2,,0,,
CV1039,2,,0,,
CV1040,2,,0,,
CV1041,2,,0,,
CV1042,2,,0,,
CV1043,2,,0,,
CV1044,2,,0,,
CV1045,2,,0,,
CV1046,2,,0,,
CvN2,2,efferent neuron,0,,
CvN3,2,efferent neuron,0,,
CvN4,2,efferent neuron,0,,
CvN6,2,efferent neuron,0,,
CvN7,2,efferent neuron,0,,
CvN_A1,2,efferent neuron,0,,
DM6_posterior_55,2,,0,,
DNa12,2,CNS neuron,0,,
DNd01,2,,0,,
DNde004,2,CNS neuron,0,,
DNfl032,2,CNS neuron,0,,
DNfl040,2,CNS neuron,0,,
DNfl042,2,CNS neuron,0,,
DNge005,2,CNS neuron,0,,
DNge0128,2,CNS neuron,0,,
DNge061,2,CNS neuron,0,,
DNge118,2,CNS neuron,0,,
DNit007,2,CNS neuron,0,,
DNit012,2,CNS neuron,0,,
DNml001,2,CNS neuron,0,,
DNnt015,2,CNS neuron,0,,
DNnt019,2,CNS neuron,0,,
DNnt020,2,CNS neuron,0,,
DNp51,2,CNS neuron,0,,
DNut045,2,CNS neuron,0,,
DNut050,2,CNS neuron,0,,
DNut051,2,CNS neuron,0,,
DNut053,2,CNS neuron,0,,
DNxl063,2,CNS neuron,0,,
DNxl066,2,CNS neuron,0,,
DNxl068,2,CNS neuron,0,,
DNxl070,2,CNS neuron,0,,
DNxl073,2,CNS neuron,0,,
DNxl078,2,CNS neuron,0,,
DNxl080,2,CNS neuron,0,,
DNxl081,2,CNS neuron,0,,
DNxl083,2,CNS neuron,0,,
DNxl091,2,CNS neuron,0,,
DNxl095,2,CNS neuron,0,,
DNxl100,2,CNS neuron,0,,
DNxl101,2,CNS neuron,0,,
DNxl104,2,CNS neuron,0,,
DNxl111,2,CNS neuron,0,,
DNxl115,2,CNS neuron,0,,
DNxl125,2,CNS neuron,0,,
DNxl127,2,CNS neuron,0,,
DNxn071,2,CNS neuron,0,,
DNxn100,2,,0,,
DNxn102,2,CNS neuron,0,,
DNxn104,2,CNS neuron,0,,
DNxn111,2,CNS neuron,0,,
DNxn113,2,CNS neuron,0,,
DNxn114,2,CNS neuron,0,,
DNxn126,2,CNS neuron,0,,
DNxn127,2,CNS neuron,0,,
DNxn129,2,CNS neuron,0,,
DNxn136,2,CNS neuron,0,,
DNxn139,2,CNS neuron,0,,
DNxn143,2,CNS neuron,0,,
DNxn145,2,CNS neuron,0,,
DNxn151,2,CNS neuron,0,,
DNxn155,2,CNS neuron,0,,
DNxn157,2,CNS neuron,0,,
DNxn159,2,CNS neuron,0,,
DNxn184,2,CNS neuron,0,,
DProN_v,2,efferent neuron,0,,
EAXXX079,2,sensory neuron,0,,
EN00B004,2,,0,,
EN00B011,2,efferent neuron,0,,
EN00B017,2,efferent neuron,0,,
ENXXX128,2,efferent neuron,0,,
ER3a_c,2,,0,,
FB1H,2,,0,,
FB2B_a,2,,0,,
FB2B_b,2,,0,,
FB2I_b,2,,0,,
FB2J,2,,0,,
FB4H,2,,0,,
FB4M,2,,0,,
FB4Q_a,2,,0,,
FB4X,2,,0,,
FB4Y,2,,0,,
FB5AB,2,,0,,
FB5G,2,,0,,
FB6H,2,,0,,
FB6J,2,,0,,
FB6Z,2,,0,,
FB8C,2,,0,,
FB9B_a,2,,0,,
FB9B_d,2,,0,,
FB9C_b,2,,0,,
GFC2,2,,0,,
Hugin-PH,2,efferent neuron,0,,
IB034,2,,0,,
IB039,2,,0,,
IB041,2,,0,,
IN00A001,2,,0,,
IN00A002,2,,0,,
IN00A011,2,,0,,
IN00A024,2,,0,,
IN00A029,2,,0,,
IN00A032,2,,0,,
IN00A033,2,,0,,
IN00A034,2,,0,,
IN00A035,2,,0,,
IN00A036,2,,0,,
IN00A038,2,,0,,
IN00A042,2,,0,,
IN00A047,2,,0,,
IN00A048,2,,0,,
IN00A049,2,,0,,
IN01A005,2,,0,,
IN01A010,2,,0,,
IN01A016,2,,0,,
IN01A019,2,,0,,
IN01A023,2,,0,,
IN01A027,2,,0,,
IN01A029,2,,0,,
IN01A044,2,,0,,
IN01A046,2,,0,,
IN01A056,2,,0,,
IN01A058,2,,0,,
IN01A066,2,,0,,
IN01A067,2,,0,,
IN01A075,2,,0,,
IN01A077,2,,0,,
IN01A081,2,,0,,
IN01A083,2,,0,,
IN01A084,2,,0,,
IN01A085,2,,0,,
IN01B001,2,,0,,
IN01B002,2,,0,,
IN01B007,2,,0,,
IN01B010,2,,0,,
IN01B026,2,,0,,
IN01B028,2,,0,,
IN01B031,2,,0,,
IN01B034,2,,0,,
IN01B035,2,,0,,
IN01B036,2,,0,,
IN01B037,2,sensory neuron,0,,
IN01B040,2,,0,,
IN01B042,2,,0,,
IN01B043,2,,0,,
IN01B046,2,,0,,
IN01B052,2,,0,,
IN01B059,2,,0,,
IN01B063,2,,0,,
IN01B081,2,sensory neuron,0,,
IN01B082,2,,0,,
IN01B084,2,,0,,
IN01B097,2,,0,,
IN02A004,2,glia,0,,
IN02A010,2,glia,0,,
IN02A012,2,,0,,
IN02A023,2,,0,,
IN02A024,2,,0,,
IN02A033,2,,0,,
IN02A052,2,,0,,
IN02A062,2,,0,,
IN03A001,2,,0,,
IN03A007,2,,0,,
IN03A010,2,,0,,
IN03A014,2,,0,,
IN03A016,2,,0,,
IN03A019,2,,0,,
IN03A022,2,,0,,
IN03A030,2,,0,,
IN03A033,2,,0,,
IN03A035,2,,0,,
IN03A043,2,,0,,
IN03A053,2,,0,,
IN03A063,2,,0,,
IN03A065,2,,0,,
IN03A066,2,,0,,
IN03A070,2,,0,,
IN03A076,2,,0,,
IN03A091,2,,0,,
IN03A093,2,,0,,
IN03B001,2,,0,,
IN03B005,2,,0,,
IN03B008,2,,0,,
IN03B011,2,,0,,
IN03B016,2,,0,,
IN03B022,2,,0,,
IN03B025,2,,0,,
IN03B028,2,,0,,
IN03B031,2,,0,,
IN03B034,2,,0,,
IN03B036,2,,0,,
IN03B038,2,,0,,
IN03B045,2,,0,,
IN03B051,2,,0,,
IN03B067,2,,0,,
IN03B075,2,,0,,
IN03B076,2,,0,,
IN03B078,2,,0,,
IN03B081,2,,0,,
IN03B085,2,,0,,
IN04B004,2,,0,,
IN04B005,2,,0,,
IN04B015,2,,0,,
IN04B022,2,,0,,
IN04B025,2,,0,,
IN04B028,2,,0,,
IN04B033,2,,0,,
IN04B047,2,glia,0,,
IN04B049,2,,0,,
IN04B055,2,,0,,
IN04B058,2,,0,,
IN04B064,2,,0,,
IN04B069,2,,0,,
IN04B082,2,sensory neuron,0,,
IN04B086,2,,0,,
IN04B089,2,,0,,
IN04B095,2,,0,,
IN04B102,2,,0,,
IN04B112,2,,0,,
IN04B114,2,,0,,
IN04B115,2,,0,,
IN05B008,2,,0,,
IN05B014,2,,0,,
IN05B016,2,,0,,
IN05B018,2,,0,,
IN05B019,2,,0,,
IN05B020,2,,0,,
IN05B028,2,,0,,
IN05B030,2,,0,,
IN05B031,2,,0,,
IN05B034,2,,0,,
IN05B037,2,,0,,
IN05B038,2,,0,,
IN05B039,2,,0,,
IN05B041,2,,0,,
IN05B043,2,,0,,
IN05B061,2,,0,,
IN05B073,2,,0,,
IN05B087,2,,0,,
IN05B094,2,,0,,
IN06A002,2,,0,,
IN06A004,2,,0,,
IN06A005,2,,0,,
IN06A006,2,CNS neuron,0,,
IN06A008,2,,0,,
IN06A012,2,,0,,
IN06A013,2,,0,,
IN06A014,2,,0,,
IN06A016,2,,0,,
IN06A018,2,,0,,
IN06A023,2,,0,,
IN06A024,2,,0,,
IN06A028,2,,0,,
IN06A035,2,,0,,
IN06A036,2,,0,,
IN06A037,2,,0,,
IN06A038,2,,0,,
IN06A040,2,,0,,
IN06A043,2,,0,,
IN06A045,2,,0,,
IN06A046,2,,0,,
IN06A055,2,,0,,
IN06A058,2,,0,,
IN06A068,2,,0,,
IN06A069,2,glia,0,,
IN06A073,2,,0,,
IN06A074,2,,0,,
IN06A088,2,,0,,
IN06A091,2,,0,,
IN06A111,2,,0,,
IN06A121,2,,0,,
IN06A125,2,,0,,
IN06A138,2,,0,,
IN06B001,2,,0,,
IN06B006,2,,0,,
IN06B015,2,,0,,
IN06B020,2,,0,,
IN06B035,2,,0,,
IN06B036,2,,0,,
IN06B038,2,,0,,
IN06B050,2,,0,,
IN06B055,2,,0,,
IN06B058,2,,0,,
IN06B069,2,,0,,
IN06B084,2,,0,,
IN06B086,2,,0,,
IN07B008,2,,0,,
IN07B016,2,CNS neuron,0,,
IN07B044,2,,0,,
IN07B090,2,,0,,
IN07B096,2,,0,,
IN07B104,2,,0,,
IN08A006,2,,0,,
IN08A007,2,,0,,
IN08A008,2,,0,,
IN08A018_T2_L,2,,0,,
IN08A019,2,,0,,
IN08A022,2,CNS neuron,0,,
IN08A025,2,CNS neuron,0,,
IN08A027,2,,0,,
IN08A034,2,CNS neuron,0,,
IN08A047,2,,0,,
IN08B004,2,,0,,
IN08B019,2,CNS neuron,0,,
IN08B021,2,,0,,
IN08B035,2,,0,,
IN08B037,2,,0,,
IN08B055,2,,0,,
IN08B064,2,,0,,
IN08B065,2,,0,,
IN08B072,2,,0,,
IN08B090,2,,0,,
IN08B104,2,,0,,
IN09A003,2,,0,,
IN09A004,2,,0,,
IN09A015,2,,0,,
IN09A018,2,,0,,
IN09A023,2,,0,,
IN09A031,2,,0,,
IN09A033,2,CNS neuron,0,,
IN09A039,2,,0,,
IN09A042,2,,0,,
IN09A045,2,,0,,
IN09A046,2,,0,,
IN09A047,2,,0,,
IN09A049,2,CNS neuron,0,,
IN09A050,2,CNS neuron,0,,
IN09A052,2,,0,,
IN09A056,2,,0,,
IN09A061,2,CNS neuron,0,,
IN09A068,2,,0,,
IN09A077,2,CNS neuron,0,,
IN09A078,2,,0,,
IN09A085,2,CNS neuron,0,,
IN09A088,2,,0,,
IN09A091,2,CNS neuron,0,,
IN09B014,2,,0,,
IN09B018,2,,0,,
IN09B048,2,,0,,
IN09B050,2,CNS neuron,0,,
IN10B030,2,,0,,
IN10B050,2,,0,,
IN10B059,2,,0,,
IN11A001,2,,0,,
IN11A013,2,,0,,
IN11A018,2,,0,,
IN11A026,2,,0,,
IN11A035,2,,0,,
IN11A044,2,,0,,
IN11B002,2,,0,,
IN11B006,2,,0,,
IN11B011,2,,0,,
IN11B012,2,,0,,
IN12A001,2,,0,,
IN12A004,2,,0,,
IN12A006,2,,0,,
IN12A009,2,,0,,
IN12A010,2,,0,,
IN12A011,2,,0,,
IN12A012,2,,0,,
IN12A019,2,,0,,
IN12A026,2,,0,,
IN12A050,2,,0,,
IN12B007,2,,0,,
IN12B012,2,,0,,
IN12B025,2,,0,,
IN12B030,2,,0,,
IN12B031,2,,0,,
IN12B034,2,glia,0,,
IN12B036,2,,0,,
IN12B047,2,,0,,
IN12B053,2,,0,,
IN12B058,2,,0,,
IN12B060,2,,0,,
IN12B064,2,,0,,
IN12B070,2,,0,,
IN12B077,2,,0,,
IN13A011,2,CNS neuron,0,,
IN13A031,2,,0,,
IN13A037,2,CNS neuron,0,,
IN13A053,2,,0,,
IN13B006,2,,0,,
IN13B008,2,,0,,
IN13B015,2,,0,,
IN13B017,2,,0,,
IN13B028,2,,0,,
IN13B029,2,,0,,
IN13B033,2,,0,,
IN13B035,2,,0,,
IN13B041,2,,0,,
IN13B044,2,,0,,
IN13B045,2,,0,,
IN13B053,2,,0,,
IN13B055,2,,0,,
IN13B057,2,,0,,
IN13B072,2,,0,,
IN13B074,2,,0,,
IN13B076,2,,0,,
IN13B079,2,,0,,
IN13B098,2,CNS neuron,0,,
IN14A010,2,,0,,
IN14A011,2,,0,,
IN14A014,2,,0,,
IN14A017,2,,0,,
IN14A018,2,,0,,
IN14A030,2,,0,,
IN14A036,2,,0,,
IN14A040,2,,0,,
IN14A063,2,,0,,
IN14A064,2,,0,,
IN14A078,2,sensory neuron,0,,
IN14A108,2,,0,,
IN14A114,2,CNS neuron,0,,
IN14A116,2,,0,,
IN14B001,2,,0,,
IN14B002,2,CNS neuron,0,,
IN14B003,2,,0,,
IN14B004,2,CNS neuron,0,,
IN14B006,2,,0,,
IN14B008,2,glia,0,,
IN14B009,2,,0,,
IN16B033,2,,0,,
IN16B034,2,CNS neuron,0,,
IN16B036,2,,0,,
IN16B041,2,CNS neuron,0,,
IN16B045,2,CNS neuron,0,,
IN16B052,2,,0,,
IN16B055,2,CNS neuron,0,,
IN16B056,2,glia,0,,
IN16B060,2,CNS neuron,0,,
IN16B062,2,,0,,
IN16B065,2,,0,,
IN16B066,2,,0,,
IN16B073,2,,0,,
IN16B085,2,,0,,
IN16B089,2,,0,,
IN16B099,2,,0,,
IN16B102,2,CNS neuron,0,,
IN16B117,2,,0,,
IN16B118,2,,0,,
IN16B125,2,,0,,
IN17A011,2,,0,,
IN17A023,2,,0,,
IN17A029,2,,0,,
IN17A072,2,,0,,
IN17A081,2,,0,,
IN17A082,2,,0,,
IN17A090,2,,0,,
IN17A096,2,,0,,
IN17A097,2,,0,,
IN17A100,2,,0,,
IN17A107,2,,0,,
IN17A118,2,,0,,
IN17B001,2,,0,,
IN17B006,2,,0,,
IN17B008,2,,0,,
IN17B010,2,,0,,
IN18B011,2,,0,,
IN18B012,2,sensory neuron,0,,
IN18B027,2,,0,,
IN18B032,2,,0,,
IN18B040,2,,0,,
IN18B041,2,,0,,
IN18B043,2,,0,,
IN18B048,2,,0,,
IN18B051,2,,0,,
IN18B052,2,,0,,
IN18B054,2,,0,,
IN19A028,2,,0,,
IN19A031,2,,0,,
IN19A033,2,,0,,
IN19A034,2,,0,,
IN19A037,2,,0,,
IN19A040,2,,0,,
IN19A051,2,,0,,
IN19A055,2,,0,,
IN19A062,2,,0,,
IN19A068,2,,0,,
IN19A079,2,,0,,
IN19A080,2,,0,,
IN19A090,2,,0,,
IN19A103,2,,0,,
IN19A116,2,,0,,
IN19A142,2,,0,,
IN19B004,2,,0,,
IN19B010,2,,0,,
IN19B011,2,,0,,
IN19B012,2,,0,,
IN19B020,2,sensory neuron,0,,
IN19B021,2,,0,,
IN19B030,2,,0,,
IN19B035,2,,0,,
IN19B038,2,,0,,
IN19B047,2,glia,0,,
IN19B048,2,,0,,
IN19B050,2,,0,,
IN19B058,2,glia,0,,
IN19B062,2,,0,,
IN19B080,2,,0,,
IN19B081,2,,0,,
IN19B084,2,,0,,
IN19B111,2,,0,,
IN19B112,2,,0,,
IN20A.22A005,2,,0,,
IN20A.22A025,2,,0,,
IN20A.22A032,2,,0,,
IN20A.22A037,2,,0,,
IN20A.22A053,2,,0,,
IN20A.22A062,2,,0,,
IN20A.22A064,2,,0,,
IN20A.22A077,2,,0,,
IN20A.22A091,2,,0,,
IN21A027,2,CNS neuron,0,,
IN21A029,2,,0,,
IN21A030,2,,0,,
IN21A032,2,,0,,
IN21A034,2,,0,,
IN21A036,2,,0,,
IN21A045,2,,0,,
IN21A050,2,,0,,
IN21A071,2,,0,,
IN21A073,2,,0,,
IN21A076,2,,0,,
IN21A088,2,,0,,
IN21A092,2,,0,,
IN21A096,2,,0,,
IN23B001,2,,0,,
IN23B008,2,,0,,
IN23B011,2,,0,,
IN23B028,2,,0,,
IN23B030,2,,0,,
IN23B036,2,,0,,
IN23B037,2,,0,,
IN23B040,2,,0,,
IN23B043,2,,0,,
IN23B047,2,,0,,
IN23B050,2,,0,,
IN23B074,2,,0,,
IN23B078,2,,0,,
IN23B084,2,glia,0,,
IN23B089,2,,0,,
IN26X001,2,,0,,
IN27X001,2,,0,,
IN27X005,2,,0,,
IN27X014,2,,0,,
INXXX003,2,,0,,
INXXX004,2,,0,,
INXXX008,2,,0,,
INXXX011,2,,0,,
INXXX022,2,,0,,
INXXX023,2,,0,,
INXXX029,2,,0,,
INXXX031,2,,0,,
INXXX035,2,,0,,
INXXX036,2,CNS neuron,0,,
INXXX038,2,,0,,
INXXX042,2,,0,,
INXXX048,2,,0,,
INXXX054,2,,0,,
INXXX063,2,,0,,
INXXX065,2,,0,,
INXXX066,2,,0,,
INXXX073,2,,0,,
INXXX076,2,,0,,
INXXX089,2,,0,,
INXXX104,2,,0,,
INXXX114,2,,0,,
INXXX115,2,,0,,
INXXX119,2,,0,,
INXXX122,2,,0,,
INXXX129,2,,0,,
INXXX134,2,,0,,
INXXX135,2,,0,,
INXXX138,2,,0,,
INXXX140,2,,0,,
INXXX143,2,,0,,
INXXX147,2,,0,,
INXXX153,2,,0,,
INXXX173,2,,0,,
INXXX183,2,,0,,
INXXX192,2,,0,,
INXXX194,2,CNS neuron,0,,
INXXX199,2,,0,,
INXXX206,2,,0,,
INXXX219,2,,0,,
INXXX223,2,,0,,
INXXX224,2,,0,,
INXXX232,2,,0,,
INXXX233,2,,0,,
INXXX238,2,,0,,
INXXX241,2,,0,,
INXXX243,2,glia,0,,
INXXX245,2,,0,,
INXXX249,2,,0,,
INXXX252,2,,0,,
INXXX261,2,,0,,
INXXX263,2,,0,,
INXXX268,2,,0,,
INXXX270,2,,0,,
INXXX276,2,,0,,
INXXX284,2,,0,,
INXXX295,2,,0,,
INXXX300,2,,0,,
INXXX304,2,,0,,
INXXX335,2,,0,,
INXXX339,2,,0,,
INXXX340,2,,0,,
INXXX345,2,,0,,
INXXX347,2,,0,,
INXXX351,2,,0,,
INXXX355,2,,0,,
INXXX359,2,,0,,
INXXX383,2,,0,,
INXXX387,2,,0,,
INXXX388,2,,0,,
INXXX390,2,,0,,
INXXX403,2,efferent neuron,0,,
INXXX406,2,,0,,
INXXX408,2,,0,,
INXXX412,2,,0,,
INXXX423,2,,0,,
INXXX442,2,,0,,
INXXX449,2,,0,,
INXXX467,2,,0,,
INXXX469,2,,0,,
JO-FVL,2,sensory neuron,0,,
KCab-s,2,CNS neuron,0,,
LAL103,2,,0,,
LAL117b,2,,0,,
LAL168,2,,0,,
LALv1_ventral__1,2,,0,,
LC31c,2,,0,,
LHAD1b2_a,2,,0,,
LHAD1f3b,2,,0,,
LHAD2c3c,2,,0,,
LHAV3c1,2,,0,,
LHAV7b1,2,,0,,
LN_ITP,2,,0,,
LPN,2,,0,,
LTe49e,2,,0,,
LTe59b,2,,0,,
Li2,2,CNS neuron,0,,
MNad25,2,efferent neuron,0,,
MNad26,2,efferent neuron,0,,
MNad36,2,efferent neuron,0,,
MNad42,2,efferent neuron,0,,
MNad43,2,efferent neuron,0,,
MNad57,2,efferent neuron,0,,
MNhl01,2,efferent neuron,0,,
MNhl02,2,efferent neuron,0,,
MNhl59,2,efferent neuron,0,,
MNhl65,2,efferent neuron,0,,
MNhl87,2,efferent neuron,0,,
MNhm03,2,efferent neuron,0,,
MNml29,2,efferent neuron,0,,
MNml80,2,efferent neuron,0,,
MNwm35,2,efferent neuron,0,,
MNwm36,2,efferent neuron,0,,
MNxm01,2,efferent neuron,0,,
MNxm02,2,efferent neuron,0,,
MX3_49,2,CNS neuron,0,,
M_l2PN10t19,2,,0,,
M_vPNml74,2,,0,,
MooSEZ,2,,0,,
PLP057b,2,,0,,
PLP103a,2,,0,,
PLP150c,2,,0,,
PLP204,2,CNS neuron,0,,
PS018,2,,0,,
PS036,2,,0,,
PS042,2,,0,,
PS077,2,,0,,
PS099,2,,0,,
PS179,2,,0,,
PS188a,2,,0,,
PS225,2,CNS neuron,0,,
PSp3__0,2,,0,,
PVLP006,2,,0,,
PVLP048,2,,0,,
SAD004,2,,0,,
SAD006,2,,0,,
SAD075,2,,0,,
SAF,2,,0,,
SA_DMT_ADMN_8,2,sensory neuron,0,,
SA_DMT_DMetaN_2,2,,0,,
SA_MDA_1,2,sensory neuron,0,,
SA_MDA_2,2,,0,,
SA_MDA_4,2,sensory neuron,0,,
SA_VTV_5,2,sensory neuron,0,,
SA_VTV_9,2,sensory neuron,0,,
SIP021,2,,0,,
SIP041,2,,0,,
SIP079,2,,0,,
SLP005,2,CNS neuron,0,,
SLP007a,2,,0,,
SLP212,2,,0,,
SLP226,2,,0,,
SLP227,2,,0,,
SLP288c,2,,0,,
SLP400b,2,,0,,
SLP402,2,,0,,
SLP421,2,,0,,
SMP016_a,2,,0,,
SMP059,2,,0,,
SMP121,2,,0,,
SMP193b,2,,0,,
SMP215b,2,,0,,
SMP305,2,,0,,
SMP330a,2,,0,,
SMP351,2,,0,,
SMP469,2,,0,,
SMP484,2,,0,,
SMP485,2,,0,,
SMP510a,2,,0,,
SMP544,2,,0,,
SMP568_c,2,,0,,
SNpp08,2,sensory neuron,0,,
SNpp16,2,sensory neuron,0,,
SNpp25,2,sensory neuron,0,,
SNpp29,2,sensory neuron,0,,
SNpp53,2,,0,,
SNpp55,2,sensory neuron,0,,
SNta05,2,sensory neuron,0,,
SNta12,2,sensory neuron,0,,
SNxx07,2,sensory neuron,0,,
SNxx11,2,sensory neuron,0,,
SNxx15,2,sensory neuron,0,,
SNxx18,2,efferent neuron,0,,
STTMm,2,efferent neuron,0,,
VES024,2,,0,,
VES051,2,,0,,
VES060,2,,0,,
VES066,2,,0,,
VLPl2_posterior_13,2,,0,,
VLPl2_posterior_47,2,,0,,
VLPp&l1_posterior_25,2,,0,,
VLPp2_37,2,,0,,
VS1,2,,0,,
VS2,2,,0,,
VS7,2,,0,,
WED002b,2,,0,,
WED002e,2,,0,,
WED004,2,,0,,
WED013,2,,0,,
WED038b,2,,0,,
WED063_b,2,,0,,
WED085,2,,0,,
WED130,2,,0,,
WED154,2,,0,,
WED166_c,2,,0,,
WEDPN8C,2,,0,,
XA,2,,0,,
Z_lvPNm1,2,,0,,
aIPg2,2,,0,,
aSP-f3,2,,0,,
aSP-g1,2,,0,,
accessory_trochanter_flexor,2,efferent neuron,0,,
b1 MN,2,efferent neuron,0,,
b2 MN,2,efferent neuron,0,,
b3 MN,2,efferent neuron,0,,
bIPS,2,CNS neuron,0,,
giant fiber,2,CNS neuron,0,,
hDVM MN,2,efferent neuron,0,,
hg1 MN,2,efferent neuron,0,,
hg2 MN,2,efferent neuron,0,,
hg3 MN,2,efferent neuron,0,,
hg4 MN,2,efferent neuron,0,,
hi2 MN,2,efferent neuron,0,,
hiii2 MN,2,efferent neuron,0,,
i1 MN,2,efferent neuron,0,,
i2 MN,2,efferent neuron,0,,
iii3 MN,2,efferent neuron,0,,
lLN16A,2,,0,,
long_tendon_muscle_A,2,efferent neuron,0,,
long_tendon_muscle_A_dipalpha,2,efferent neuron,0,,
mALC2,2,CNS neuron,0,,
moonwalker descending neuron,2,,0,,
oviDNb,2,CNS neuron,0,,
oviDNd,2,CNS neuron,0,,
peripherally synapsing interneuron,2,efferent neuron,0,,
ps1 MN,2,efferent neuron,0,,
ps2 MN,2,efferent neuron,0,,
sternal_anterior_rotator_miller_31,2,efferent neuron,0,,
synapseless descending,2,CNS neuron,0,,
tarsus_depressor_A,2,efferent neuron,0,,
tp1 MN,2,efferent neuron,0,,
tp2 MN,2,efferent neuron,0,,
tpn MN,2,efferent neuron,0,,
trochanter_flexor_posterior_soma_ProAN,2,efferent neuron,0,,
v2LN41,2,,0,,
v2LN46,2,,0,,
vMS11,2,,0,,
vMS17,2,,0,,
5th-LNv,1,,0,,
ADNM1,1,efferent neuron,0,,
ADNM2,1,efferent neuron,0,,
AN00A002,1,,0,,
AN00A006,1,,0,,
AN01A021,1,,0,,
AN01A033,1,,0,,
AN01B018,1,sensory neuron,0,,
AN02A002,1,,0,,
AN02A017,1,,0,,
AN03B009,1,,0,,
AN03B011,1,CNS neuron,0,,
AN03B050,1,,0,,
AN04B004,1,,0,,
AN05B009,1,,0,,
AN05B015,1,,0,,
AN05B026,1,,0,,
AN05B027,1,,0,,
AN05B048,1,,0,,
AN05B049,1,,0,,
AN05B050,1,,0,,
AN05B063,1,,0,,
AN05B071,1,,0,,
AN05B083,1,,0,,
AN05B100,1,,0,,
AN05B102,1,,0,,
AN06A017,1,,0,,
AN06A092,1,sensory neuron,0,,
AN06B014,1,,0,,
AN06B031,1,,0,,
AN06B037,1,,0,,
AN06B039,1,,0,,
AN06B040,1,,0,,
AN06B068,1,,0,,
AN07B004,1,,0,,
AN07B005,1,,0,,
AN07B017,1,CNS neuron,0,,
AN07B024,1,,0,,
AN07B032,1,,0,,
AN07B036,1,,0,,
AN07B046,1,,0,,
AN07B050,1,,0,,
AN07B060,1,,0,,
AN07B062,1,,0,,
AN08B009,1,CNS neuron,0,,
AN08B022,1,,0,,
AN08B023,1,,0,,
AN08B081,1,,0,,
AN08B100,1,,0,,
AN08B101,1,,0,,
AN08B107,1,,0,,
AN08B109,1,,0,,
AN08B110,1,,0,,
AN08B112,1,,0,,
AN09B003,1,,0,,
AN09B009,1,,0,,
AN09B024,1,,0,,
AN09B026,1,,0,,
AN09B029,1,,0,,
AN09B031,1,,0,,
AN09B032,1,,0,,
AN09B037,1,,0,,
AN10B029,1,,0,,
AN10B049,1,,0,,
AN10B056,1,,0,,
AN11B008,1,,0,,
AN11B012,1,,0,,
AN12A003,1,,0,,
AN12A017,1,,0,,
AN12B001,1,,0,,
AN12B004,1,,0,,
AN13B002,1,,0,,
AN16B081,1,,0,,
AN17A004,1,,0,,
AN17A008,1,,0,,
AN17A012,1,,0,,
AN17A013,1,,0,,
AN17A014,1,,0,,
AN17B007,1,,0,,
AN18B002,1,,0,,
AN18B003,1,,0,,
AN18B004,1,,0,,
AN18B020,1,,0,,
AN18B025,1,CNS neuron,0,,
AN18B032,1,,0,,
AN18B053,1,,0,,
AN19A018_d,1,,0,,
AN19B004,1,,0,,
AN19B015,1,,0,,
AN19B024,1,,0,,
AN19B042,1,,0,,
AN19B049,1,,0,,
AN19B051,1,,0,,
AN19B099,1,,0,,
AN19B100,1,,0,,
AN19B101,1,,0,,
AN19B102,1,,0,,
AN19B106,1,,0,,
AN23B002,1,,0,,
AN23B004,1,,0,,
AN27X008,1,,0,,
AN27X017,1,,0,,
ANXXX002,1,,0,,
ANXXX007,1,,0,,
ANXXX023,1,,0,,
ANXXX027,1,,0,,
ANXXX033,1,,0,,
ANXXX055,1,,0,,
ANXXX075,1,,0,,
ANXXX090,1,,0,,
ANXXX092,1,,0,,
ANXXX109,1,,0,,
ANXXX151,1,,0,,
ANXXX214,1,,0,,
ANXXX410,1,,0,,
ANXXX434,1,,0,,
AN_4_4c359f9c,1,,0,,
AN_4_c964e2c2,1,sensory neuron,0,,
AN_AVLP_12,1,,0,,
AN_AVLP_28,1,,0,,
AN_AVLP_PVLP_7,1,,0,,
AN_FLA_1,1,,0,,
AN_GNG_1,1,,0,,
AN_GNG_103,1,,0,,
AN_GNG_138,1,,0,,
AN_GNG_143,1,,0,,
AN_GNG_17,1,,0,,
AN_GNG_177,1,,0,,
AN_GNG_48,1,,0,,
AN_GNG_55,1,,0,,
AN_GNG_61,1,,0,,
AN_GNG_FLA_4,1,,0,,
AN_GNG_IPS_15,1,,0,,
AN_GNG_IPS_18,1,,0,,
AN_GNG_SAD_25,1,,0,,
AN_SMP_1,1,,0,,
AN_SMP_3,1,,0,,
AN_SMP_FLA_1,1,,0,,
AN_VES_GNG_6,1,,0,,
AN_multi_107,1,,0,,
AN_multi_25,1,,0,,
AN_multi_34,1,,0,,
AN_multi_35,1,,0,,
AN_multi_44,1,,0,,
AOTU002_b,1,,0,,
AOTU003,1,,0,,
AOTU008b,1,,0,,
AOTU008c,1,,0,,
ATL045,1,,0,,
AVLP006a,1,,0,,
AVLP007,1,,0,,
AVLP010,1,,0,,
AVLP100,1,,0,,
AVLP142,1,,0,,
AVLP143a,1,,0,,
AVLP143b,1,,0,,
AVLP145,1,,0,,
AVLP199,1,,0,,
AVLP204,1,,0,,
AVLP234a,1,,0,,
AVLP246,1,,0,,
AVLP313,1,,0,,
AVLP338,1,,0,,
AVLP559b,1,,0,,
AVLP559c,1,,0,,
Acc./ti/flexor/MN,1,efferent neuron,0,,
BM_Or,1,,0,,
CB.FB2E2,1,,0,,
CB.FB5B1,1,,0,,
CB.FB5D1,1,,0,,
CB.FB5D7,1,,0,,
CB.FB5I0,1,,0,,
CB.FB5I1,1,,0,,
CB.FB5I3,1,CNS neuron,0,,
CB.FB5I4,1,,0,,
CB.FB6C2,1,,0,,
CB.FB6C4,1,,0,,
CB.FB6D1,1,,0,,
CB.FB7B0,1,,0,,
CB.FB7C0,1,,0,,
CB.FB7D0,1,,0,,
CB.FB7E1,1,,0,,
CB.FB8C0,1,,0,,
CB0056,1,,0,,
CB0129,1,,0,,
CB0149,1,,0,,
CB0151,1,,0,,
CB0314,1,,0,,
CB0339,1,,0,,
CB0342,1,,0,,
CB0642,1,,0,,
CB0659,1,,0,,
CB0662,1,,0,,
CB0793,1,,0,,
CB0944,1,,0,,
CB0965,1,,0,,
CB0968,1,,0,,
CB1001,1,,0,,
CB1006,1,,0,,
CB1018,1,,0,,
CB1022,1,,0,,
CB1025,1,,0,,
CB1043,1,,0,,
CB1058,1,,0,,
CB1061,1,,0,,
CB1084,1,,0,,
CB1093,1,,0,,
CB1107,1,,0,,
CB1110,1,,0,,
CB1115,1,,0,,
CB1118,1,,0,,
CB1119,1,,0,,
CB1129,1,,0,,
CB1130,1,,0,,
CB1172,1,,0,,
CB1175,1,,0,,
CB1192,1,,0,,
CB1197,1,,0,,
CB1207,1,,0,,
CB1211,1,,0,,
CB1224,1,,0,,
CB1250,1,,0,,
CB1285,1,,0,,
CB1288,1,,0,,
CB1317,1,,0,,
CB1327,1,,0,,
CB1354,1,,0,,
CB1370,1,,0,,
CB1378,1,,0,,
CB1390,1,,0,,
CB1395,1,,0,,
CB1400,1,,0,,
CB1402,1,,0,,
CB1410,1,,0,,
CB1422,1,,0,,
CB1423,1,,0,,
CB1426,1,,0,,
CB1449,1,,0,,
CB1485,1,,0,,
CB1499,1,,0,,
CB1567,1,,0,,
CB1597,1,,0,,
CB1611,1,,0,,
CB1624,1,,0,,
CB1630,1,,0,,
CB1666,1,,0,,
CB1681,1,,0,,
CB1690,1,,0,,
CB1785,1,,0,,
CB1837,1,,0,,
CB1860,1,,0,,
CB1862,1,,0,,
CB1868,1,,0,,
CB1875,1,,0,,
CB1892,1,,0,,
CB1894,1,,0,,
CB1905,1,,0,,
CB1951,1,,0,,
CB1963,1,,0,,
CB1970,1,,0,,
CB1991,1,,0,,
CB2009,1,,0,,
CB2016,1,,0,,
CB2021,1,,0,,
CB2034,1,,0,,
CB2039,1,,0,,
CB2062,1,,0,,
CB2077,1,,0,,
CB2094,1,,0,,
CB2101,1,,0,,
CB2120,1,,0,,
CB2138,1,,0,,
CB2168,1,,0,,
CB2173,1,,0,,
CB2176,1,,0,,
CB2193,1,,0,,
CB2236,1,,0,,
CB2241,1,,0,,
CB2265,1,,0,,
CB2277,1,,0,,
CB2284,1,,0,,
CB2326,1,,0,,
CB2338,1,,0,,
CB2352,1,,0,,
CB2360,1,,0,,
CB2381,1,,0,,
CB2394,1,,0,,
CB2406,1,,0,,
CB2418,1,,0,,
CB2421,1,CNS neuron,0,,
CB2449,1,,0,,
CB2451,1,,0,,
CB2468,1,,0,,
CB2510,1,,0,,
CB2542,1,,0,,
CB2544,1,,0,,
CB2547,1,,0,,
CB2566,1,,0,,
CB2573,1,,0,,
CB2579,1,,0,,
CB2590,1,,0,,
CB2608,1,,0,,
CB2610,1,,0,,
CB2618,1,,0,,
CB2637,1,,0,,
CB2698,1,,0,,
CB2717,1,,0,,
CB2741,1,,0,,
CB2747,1,,0,,
CB2758,1,,0,,
CB2762,1,,0,,
CB2768,1,,0,,
CB2783,1,,0,,
CB2791,1,,0,,
CB2809,1,,0,,
CB2822,1,,0,,
CB2835,1,,0,,
CB2848,1,,0,,
CB2849,1,,0,,
CB2883,1,,0,,
CB2886,1,,0,,
CB2894,1,,0,,
CB2900,1,,0,,
CB2914,1,,0,,
CB2915,1,,0,,
CB2930,1,,0,,
CB2986,1,,0,,
CB2999,1,,0,,
CB3035,1,,0,,
CB3048,1,,0,,
CB3063,1,,0,,
CB3066,1,,0,,
CB3079,1,,0,,
CB3107,1,,0,,
CB3108,1,,0,,
CB3117,1,,0,,
CB3125,1,,0,,
CB3129,1,,0,,
CB3174,1,,0,,
CB3179,1,,0,,
CB3188,1,,0,,
CB3192,1,,0,,
CB3195,1,,0,,
CB3196,1,,0,,
CB3210,1,,0,,
CB3227,1,,0,,
CB3235,1,,0,,
CB3260,1,,0,,
CB3285,1,,0,,
CB3312,1,,0,,
CB3314,1,,0,,
CB3327,1,,0,,
CB3342,1,,0,,
CB3349,1,,0,,
CB3355,1,,0,,
CB3356,1,,0,,
CB3363,1,,0,,
CB3377,1,,0,,
CB3378,1,,0,,
CB3397,1,,0,,
CB3401,1,,0,,
CB3406,1,,0,,
CB3418,1,,0,,
CB3424,1,,0,,
CB3429,1,,0,,
CB3442,1,,0,,
CB3444,1,,0,,
CB3467,1,,0,,
CB3468,1,,0,,
CB3470,1,,0,,
CB3485,1,,0,,
CB3522,1,,0,,
CB3529,1,,0,,
CB3533,1,,0,,
CB3536,1,,0,,
CB3554,1,,0,,
CB3568,1,,0,,
CB3572,1,,0,,
CB3587,1,,0,,
CB3589,1,,0,,
CB3597,1,,0,,
CB3602,1,,0,,
CB3605,1,,0,,
CB3609,1,,0,,
CB3648,1,,0,,
CB3650,1,,0,,
CB3662,1,,0,,
CB3687,1,,0,,
CB3699,1,,0,,
CB3705,1,,0,,
CB3721,1,,0,,
CB3750,1,,0,,
CB3753,1,,0,,
CB3755,1,,0,,
CB3772,1,,0,,
CB3774,1,,0,,
CB3800,1,CNS neuron,0,,
CB3802,1,,0,,
CB3814,1,,0,,
CB3826,1,CNS neuron,0,,
CB3843,1,CNS neuron,0,,
CB3844,1,,0,,
CB3850,1,,0,,
CL014,1,,0,,
CL024a,1,,0,,
CL037,1,,0,,
CL078b,1,,0,,
CL117,1,,0,,
CL160a,1,,0,,
CL160b,1,,0,,
CL184,1,,0,,
CL206,1,,0,,
CL225,1,,0,,
CL240,1,,0,,
CL243,1,,0,,
CL277,1,,0,,
CL278,1,,0,,
CL279,1,,0,,
CL296,1,,0,,
CL354,1,,0,,
CMU,1,efferent neuron,0,,
CMU-like,1,efferent neuron,0,,
CRE014,1,,0,,
CRE043_a,1,,0,,
CRE080b,1,,0,,
CRE084,1,,0,,
CRE099,1,,0,,
CRZ01,1,,0,,
CvN5,1,efferent neuron,0,,
CvN5-8,1,efferent neuron,0,,
CvN_A2,1,efferent neuron,0,,
DM2_central__0,1,,0,,
DM2_or_DM3_posterior__1,1,,0,,
DM4_dorsal_63,1,,0,,
DM5_central_26,1,,0,,
DM6_central1__0,1,,0,,
DM6_posterior_60,1,,0,,
DM6_posterior__1,1,,0,,
DM6_posterior__8,1,,0,,
DM6_ventral__3,1,,0,,
DN1pE,1,,0,,
DNa13_a,1,CNS neuron,0,,
DNa13_b,1,CNS neuron,0,,
DNad005,1,CNS neuron,0,,
DNfl003_CvC_L,1,CNS neuron,0,,
DNfl013,1,sensory neuron,0,,
DNfl017,1,,0,,
DNfl022,1,CNS neuron,0,,
DNfl027,1,CNS neuron,0,,
DNfl028,1,,0,,
DNfl030,1,,0,,
DNfl031,1,CNS neuron,0,,
DNfl033,1,CNS neuron,0,,
DNfl035,1,CNS neuron,0,,
DNfl037,1,CNS neuron,0,,
DNfl041,1,CNS neuron,0,,
DNfl044,1,CNS neuron,0,,
DNit004,1,,0,,
DNit008,1,CNS neuron,0,,
DNnt010,1,CNS neuron,0,,
DNnt017,1,CNS neuron,0,,
DNp37,1,sensory neuron,0,,
DNut043,1,CNS neuron,0,,
DNut048,1,CNS neuron,0,,
DNxl014,1,CNS neuron,0,,
DNxl021,1,CNS neuron,0,,
DNxl072,1,CNS neuron,0,,
DNxl085,1,sensory neuron,0,,
DNxl086,1,CNS neuron,0,,
DNxl088,1,CNS neuron,0,,
DNxl094,1,sensory neuron,0,,
DNxl096,1,CNS neuron,0,,
DNxl098,1,CNS neuron,0,,
DNxl099,1,CNS neuron,0,,
DNxl103,1,CNS neuron,0,,
DNxl105,1,CNS neuron,0,,
DNxl110,1,CNS neuron,0,,
DNxl113,1,CNS neuron,0,,
DNxl117,1,CNS neuron,0,,
DNxl119,1,CNS neuron,0,,
DNxl120,1,CNS neuron,0,,
DNxl121,1,CNS neuron,0,,
DNxl128,1,CNS neuron,0,,
DNxl129,1,CNS neuron,0,,
DNxl130,1,CNS neuron,0,,
DNxl132,1,CNS neuron,0,,
DNxl134,1,CNS neuron,0,,
DNxn007,1,CNS neuron,0,,
DNxn101,1,CNS neuron,0,,
DNxn103,1,CNS neuron,0,,
DNxn105,1,CNS neuron,0,,
DNxn106,1,,0,,
DNxn110,1,CNS neuron,0,,
DNxn116,1,CNS neuron,0,,
DNxn131,1,CNS neuron,0,,
DNxn132,1,CNS neuron,0,,
DNxn133,1,,0,,
DNxn137,1,CNS neuron,0,,
DNxn140,1,CNS neuron,0,,
DNxn141,1,CNS neuron,0,,
DNxn147,1,CNS neuron,0,,
DNxn152,1,CNS neuron,0,,
DNxn153,1,CNS neuron,0,,
DNxn160,1,CNS neuron,0,,
DNxn162,1,CNS neuron,0,,
DNxn167,1,CNS neuron,0,,
DNxn170,1,CNS neuron,0,,
DNxn171,1,CNS neuron,0,,
DNxn172,1,CNS neuron,0,,
DNxn177,1,CNS neuron,0,,
DNxn178,1,,0,,
DNxn180,1,CNS neuron,0,,
DVM3a-b,1,efferent neuron,0,,
DVMn/3a/b,1,efferent neuron,0,,
Dm8a,1,,0,,
Dm8b,1,,0,,
EBa1_14,1,,0,,
EN00B001,1,efferent neuron,0,,
EN00B008,1,efferent neuron,0,,
EN00B010,1,sensory neuron,0,,
EN00B013,1,efferent neuron,0,,
EN00B015,1,efferent neuron,0,,
EN00B019,1,efferent neuron,0,,
EN00B024,1,efferent neuron,0,,
EN00B025,1,efferent neuron,0,,
ENXXX012,1,efferent neuron,0,,
ExR2_1,1,,0,,
ExR2_2,1,,0,,
FB1C,1,,0,,
FB1D,1,,0,,
FB1G,1,,0,,
FB2A,1,,0,,
FB2H_b,1,,0,,
FB2K,1,,0,,
FB4B,1,,0,,
FB4C,1,,0,,
FB4F_b,1,,0,,
FB4L,1,,0,,
FB4N,1,,0,,
FB4P_b,1,,0,,
FB5H,1,,0,,
FB5I,1,,0,,
FB6C_a,1,,0,,
FB6F,1,,0,,
FB6K,1,,0,,
FB6M,1,,0,,
FB6O,1,,0,,
FB7G,1,,0,,
FB8B,1,,0,,
FETi,1,efferent neuron,0,,
IB036,1,,0,,
IB040,1,,0,,
IB054,1,,0,,
IB098,1,,0,,
IB107,1,,0,,
IN00A007,1,,0,,
IN00A014,1,,0,,
IN00A017,1,,0,,
IN00A018,1,,0,,
IN00A026,1,,0,,
IN00A030,1,,0,,
IN00A044,1,,0,,
IN00A051,1,,0,,
IN00A054,1,,0,,
IN00A059,1,,0,,
IN00A061,1,,0,,
IN00A062,1,,0,,
IN01A007,1,,0,,
IN01A009,1,,0,,
IN01A012,1,,0,,
IN01A022,1,,0,,
IN01A026,1,,0,,
IN01A028,1,,0,,
IN01A032,1,,0,,
IN01A034,1,,0,,
IN01A036,1,,0,,
IN01A037,1,,0,,
IN01A042,1,,0,,
IN01A050,1,,0,,
IN01A057,1,,0,,
IN01A063,1,CNS neuron,0,,
IN01A064,1,,0,,
IN01A073,1,,0,,
IN01A074,1,,0,,
IN01A076,1,,0,,
IN01B006,1,,0,,
IN01B017,1,,0,,
IN01B021,1,,0,,
IN01B022,1,,0,,
IN01B023,1,,0,,
IN01B030,1,,0,,
IN01B047,1,,0,,
IN01B049,1,,0,,
IN01B051,1,,0,,
IN01B054,1,,0,,
IN01B057,1,,0,,
IN01B064,1,,0,,
IN01B068,1,,0,,
IN01B069,1,,0,,
IN01B073,1,,0,,
IN01B074,1,,0,,
IN01B075,1,sensory neuron,0,,
IN01B077,1,,0,,
IN01B079,1,,0,,
IN01B088,1,sensory neuron,0,,
IN01B090,1,,0,,
IN01B092,1,,0,,
IN01B094,1,,0,,
IN01B095,1,sensory neuron,0,,
IN01B096,1,,0,,
IN01B101,1,,0,,
IN01B102,1,,0,,
IN02A003,1,,0,,
IN02A007,1,,0,,
IN02A008,1,,0,,
IN02A014,1,,0,,
IN02A021,1,,0,,
IN02A028,1,,0,,
IN02A034,1,,0,,
IN02A035,1,,0,,
IN02A036,1,,0,,
IN02A040,1,,0,,
IN02A047,1,,0,,
IN02A048,1,CNS neuron,0,,
IN02A051,1,,0,,
IN02A056,1,,0,,
IN02A063,1,,0,,
IN02A065,1,,0,,
IN03A003,1,,0,,
IN03A004,1,,0,,
IN03A009,1,,0,,
IN03A012,1,,0,,
IN03A023,1,,0,,
IN03A025,1,,0,,
IN03A027,1,,0,,
IN03A029,1,,0,,
IN03A034,1,,0,,
IN03A042,1,,0,,
IN03A045,1,,0,,
IN03A049,1,,0,,
IN03A056,1,,0,,
IN03A057,1,,0,,
IN03A058,1,,0,,
IN03A078,1,,0,,
IN03A079,1,,0,,
IN03A080,1,,0,,
IN03A096,1,,0,,
IN03B024,1,,0,,
IN03B049,1,sensory neuron,0,,
IN03B073,1,,0,,
IN03B082,1,,0,,
IN03B084,1,,0,,
IN04B001,1,,0,,
IN04B011,1,,0,,
IN04B018,1,,0,,
IN04B035,1,,0,,
IN04B036,1,,0,,
IN04B038,1,,0,,
IN04B039,1,,0,,
IN04B052,1,,0,,
IN04B053,1,,0,,
IN04B056,1,,0,,
IN04B057,1,,0,,
IN04B061,1,,0,,
IN04B083,1,,0,,
IN04B093,1,glia,0,,
IN04B097,1,,0,,
IN04B103,1,,0,,
IN04B106,1,,0,,
IN04B108,1,,0,,
IN04B109,1,,0,,
IN05B001,1,,0,,
IN05B002,1,,0,,
IN05B003,1,,0,,
IN05B005,1,,0,,
IN05B012,1,,0,,
IN05B024,1,,0,,
IN05B055,1,,0,,
IN05B082,1,,0,,
IN05B093,1,,0,,
IN06A009,1,,0,,
IN06A021,1,,0,,
IN06A025,1,,0,,
IN06A039,1,,0,,
IN06A047,1,,0,,
IN06A051,1,,0,,
IN06A053,1,,0,,
IN06A086,1,,0,,
IN06A101,1,,0,,
IN06A107,1,,0,,
IN06A135,1,,0,,
IN06A139,1,,0,,
IN06B014,1,,0,,
IN06B018,1,,0,,
IN06B019,1,,0,,
IN06B030,1,,0,,
IN06B033,1,,0,,
IN06B054,1,,0,,
IN06B061,1,,0,,
IN06B063,1,,0,,
IN06B064,1,,0,,
IN06B071,1,,0,,
IN06B074,1,,0,,
IN06B076,1,,0,,
IN06B077,1,,0,,
IN06B082,1,,0,,
IN07B009,1,,0,,
IN07B010,1,,0,,
IN07B012,1,,0,,
IN07B014,1,,0,,
IN07B019,1,,0,,
IN07B020,1,,0,,
IN07B022,1,,0,,
IN07B027,1,glia,0,,
IN07B028,1,,0,,
IN07B033,1,,0,,
IN07B034,1,,0,,
IN07B039,1,,0,,
IN07B045,1,,0,,
IN07B048,1,,0,,
IN07B051,1,,0,,
IN07B064,1,,0,,
IN07B068,1,,0,,
IN07B075,1,,0,,
IN07B076,1,,0,,
IN07B080,1,,0,,
IN07B081,1,,0,,
IN07B083,1,,0,,
IN07B092,1,,0,,
IN07B094,1,,0,,
IN07B099,1,,0,,
IN07B102,1,,0,,
IN07B103,1,,0,,
IN08A016,1,,0,,
IN08A020_T2_R,1,,0,,
IN08A024,1,,0,,
IN08A030,1,CNS neuron,0,,
IN08A046,1,CNS neuron,0,,
IN08A049,1,CNS neuron,0,,
IN08B003,1,,0,,
IN08B006,1,,0,,
IN08B017,1,,0,,
IN08B039,1,,0,,
IN08B045,1,,0,,
IN08B054,1,,0,,
IN08B058,1,,0,,
IN08B067,1,,0,,
IN08B078,1,,0,,
IN08B080,1,,0,,
IN08B082,1,,0,,
IN08B093,1,,0,,
IN08B105,1,,0,,
IN08B108,1,,0,,
IN09A002,1,,0,,
IN09A006,1,CNS neuron,0,,
IN09A011,1,,0,,
IN09A016,1,,0,,
IN09A017,1,,0,,
IN09A021,1,,0,,
IN09A025,1,,0,,
IN09A038,1,,0,,
IN09A040,1,,0,,
IN09A053,1,,0,,
IN09A058,1,,0,,
IN09A059,1,,0,,
IN09A064,1,,0,,
IN09A067,1,,0,,
IN09A069,1,CNS neuron,0,,
IN09A074,1,,0,,
IN09A076,1,,0,,
IN09A084,1,,0,,
IN09A086,1,,0,,
IN09A095,1,,0,,
IN09B053,1,CNS neuron,0,,
IN09B055,1,,0,,
IN09B057,1,,0,,
IN10B003,1,,0,,
IN10B006,1,,0,,
IN10B012,1,,0,,
IN10B016,1,,0,,
IN10B023,1,,0,,
IN10B031,1,,0,,
IN10B036,1,,0,,
IN10B041,1,,0,,
IN10B042,1,,0,,
IN10B043,1,,0,,
IN10B044,1,,0,,
IN10B052,1,,0,,
IN10B054,1,,0,,
IN10B055,1,,0,,
IN10B058,1,,0,,
IN10B061,1,,0,,
IN11A009,1,,0,,
IN11A015,1,,0,,
IN11A017,1,,0,,
IN11A023,1,,0,,
IN11A039,1,,0,,
IN11B005,1,,0,,
IN12A002,1,,0,,
IN12A005,1,,0,,
IN12A007,1,,0,,
IN12A013,1,,0,,
IN12A015,1,,0,,
IN12A024,1,,0,,
IN12A034,1,,0,,
IN12A048,1,,0,,
IN12A051,1,,0,,
IN12A054,1,,0,,
IN12B003,1,,0,,
IN12B016,1,,0,,
IN12B022,1,,0,,
IN12B026,1,,0,,
IN12B027,1,,0,,
IN12B033,1,,0,,
IN12B039,1,,0,,
IN12B049,1,,0,,
IN12B059,1,,0,,
IN12B082,1,,0,,
IN12B086,1,,0,,
IN12B091,1,,0,,
IN13A017,1,,0,,
IN13A026,1,,0,,
IN13A033,1,,0,,
IN13A039,1,,0,,
IN13A056,1,CNS neuron,0,,
IN13A065,1,,0,,
IN13B004,1,,0,,
IN13B007,1,,0,,
IN13B010,1,,0,,
IN13B011,1,,0,,
IN13B019,1,,0,,
IN13B024,1,,0,,
IN13B037,1,,0,,
IN13B040,1,,0,,
IN13B042,1,,0,,
IN13B048,1,,0,,
IN13B050,1,,0,,
IN13B051,1,,0,,
IN13B052,1,,0,,
IN13B066,1,,0,,
IN13B067,1,,0,,
IN13B068,1,,0,,
IN13B070,1,,0,,
IN13B080,1,,0,,
IN13B081,1,,0,,
IN13B085,1,,0,,
IN13B088,1,,0,,
IN13B091,1,,0,,
IN13B094,1,,0,,
IN13B099,1,,0,,
IN14A004,1,,0,,
IN14A006,1,,0,,
IN14A007,1,,0,,
IN14A012,1,,0,,
IN14A015,1,,0,,
IN14A022,1,,0,,
IN14A026,1,sensory neuron,0,,
IN14A032,1,,0,,
IN14A034,1,,0,,
IN14A044,1,,0,,
IN14A057,1,,0,,
IN14A058,1,,0,,
IN14A065,1,,0,,
IN14A066,1,,0,,
IN14A067,1,,0,,
IN14A070,1,,0,,
IN14A074,1,,0,,
IN14A075,1,,0,,
IN14A076,1,,0,,
IN14A077,1,,0,,
IN14A081,1,,0,,
IN14A089,1,glia,0,,
IN14A090,1,,0,,
IN14A093,1,,0,,
IN14A096,1,,0,,
IN14A098,1,,0,,
IN14A101,1,,0,,
IN14A103,1,,0,,
IN14A118,1,,0,,
IN14A119,1,,0,,
IN14A120,1,sensory neuron,0,,
IN14B013,1,CNS neuron,0,,
IN16B022,1,,0,,
IN16B029,1,,0,,
IN16B030,1,,0,,
IN16B039,1,,0,,
IN16B042,1,CNS neuron,0,,
IN16B046,1,,0,,
IN16B047,1,,0,,
IN16B054,1,,0,,
IN16B063,1,,0,,
IN16B067,1,,0,,
IN16B068,1,,0,,
IN16B080,1,,0,,
IN16B082,1,glia,0,,
IN16B090,1,,0,,
IN16B092,1,,0,,
IN16B095,1,,0,,
IN16B100,1,CNS neuron,0,,
IN16B101,1,,0,,
IN16B105,1,,0,,
IN16B106,1,,0,,
IN16B110,1,,0,,
IN16B119,1,,0,,
IN16B122,1,,0,,
IN16B124,1,,0,,
IN17A013,1,,0,,
IN17A030,1,,0,,
IN17A032,1,,0,,
IN17A033,1,,0,,
IN17A034,1,,0,,
IN17A042,1,,0,,
IN17A048,1,,0,,
IN17A056,1,,0,,
IN17A059,1,,0,,
IN17A067,1,,0,,
IN17A074,1,,0,,
IN17A086,1,,0,,
IN17A087,1,,0,,
IN17A088,1,,0,,
IN17A094,1,,0,,
IN17A099,1,,0,,
IN17A103,1,,0,,
IN17A106,1,,0,,
IN17A110,1,,0,,
IN17A114,1,,0,,
IN17A116,1,,0,,
IN17A117,1,,0,,
IN17B004,1,glia,0,,
IN17B014,1,,0,,
IN18B008,1,,0,,
IN18B013,1,,0,,
IN18B018,1,CNS neuron,0,,
IN18B020,1,,0,,
IN18B026,1,,0,,
IN18B031,1,,0,,
IN18B033,1,,0,,
IN18B038,1,glia,0,,
IN18B039,1,,0,,
IN18B046,1,,0,,
IN18B047,1,,0,,
IN19A017,1,,0,,
IN19A036,1,,0,,
IN19A053,1,,0,,
IN19A058,1,,0,,
IN19A063,1,,0,,
IN19A074,1,,0,,
IN19A087,1,,0,,
IN19A091,1,,0,,
IN19A101,1,,0,,
IN19A111,1,,0,,
IN19A112,1,,0,,
IN19A124,1,,0,,
IN19A126,1,,0,,
IN19A129,1,,0,,
IN19A131,1,,0,,
IN19A132,1,,0,,
IN19A134,1,,0,,
IN19A135,1,,0,,
IN19A136,1,,0,,
IN19A138,1,glia,0,,
IN19B002,1,glia,0,,
IN19B007,1,,0,,
IN19B013,1,,0,,
IN19B015,1,,0,,
IN19B016,1,,0,,
IN19B034,1,,0,,
IN19B053,1,,0,,
IN19B054,1,,0,,
IN19B055,1,,0,,
IN19B056,1,,0,,
IN19B064,1,,0,,
IN19B066,1,,0,,
IN19B082,1,,0,,
IN19B083,1,,0,,
IN19B086,1,,0,,
IN19B090,1,,0,,
IN19B103,1,,0,,
IN20A.22A003,1,,0,,
IN20A.22A045,1,,0,,
IN20A.22A046,1,,0,,
IN20A.22A059,1,,0,,
IN20A.22A061,1,,0,,
IN20A.22A063,1,,0,,
IN20A.22A084,1,,0,,
IN20A.22A090,1,,0,,
IN21A021,1,,0,,
IN21A033,1,,0,,
IN21A055,1,,0,,
IN21A072,1,,0,,
IN21A074,1,,0,,
IN21A082,1,,0,,
IN21A091,1,,0,,
IN21A101,1,,0,,
IN21A104,1,,0,,
IN21A111,1,,0,,
IN23B006,1,,0,,
IN23B012,1,,0,,
IN23B014,1,,0,,
IN23B016,1,,0,,
IN23B017,1,,0,,
IN23B020,1,,0,,
IN23B022,1,,0,,
IN23B024,1,,0,,
IN23B027,1,,0,,
IN23B033,1,,0,,
IN23B049,1,,0,,
IN23B053,1,,0,,
IN23B054,1,,0,,
IN23B057,1,,0,,
IN23B058,1,,0,,
IN23B061,1,,0,,
IN23B063,1,,0,,
IN23B064,1,,0,,
IN23B065,1,,0,,
IN23B067,1,,0,,
IN23B068,1,,0,,
IN23B069,1,,0,,
IN23B070,1,,0,,
IN23B077,1,,0,,
IN23B079,1,,0,,
IN23B081,1,,0,,
IN23B088,1,,0,,
IN23B092,1,,0,,
IN23B093,1,,0,,
IN26X003,1,,0,,
IN27X007,1,,0,,
INXXX007,1,,0,,
INXXX034,1,,0,,
INXXX053,1,,0,,
INXXX056,1,,0,,
INXXX064,1,,0,,
INXXX083,1,,0,,
INXXX096,1,,0,,
INXXX133,1,,0,,
INXXX142,1,,0,,
INXXX146,1,,0,,
INXXX179,1,,0,,
INXXX193,1,,0,,
INXXX198,1,,0,,
INXXX201,1,,0,,
INXXX216,1,,0,,
INXXX227,1,,0,,
INXXX234,1,,0,,
INXXX235,1,,0,,
INXXX242,1,,0,,
INXXX244,1,,0,,
INXXX262,1,,0,,
INXXX271,1,,0,,
INXXX294,1,,0,,
INXXX385,1,,0,,
INXXX392,1,,0,,
INXXX393,1,,0,,
INXXX407,1,,0,,
INXXX420,1,,0,,
INXXX428,1,,0,,
INXXX431,1,,0,,
INXXX444,1,,0,,
INXXX457,1,sensory neuron,0,,
JO-D,1,,0,,
LAL027,1,,0,,
LAL039,1,,0,,
LAL083,1,,0,,
LAL094,1,,0,,
LAL117a,1,,0,,
LAL131,1,,0,,
LAL132,1,,0,,
LAL147a,1,,0,,
LAL167,1,,0,,
LB3b,1,,0,,
LBL40,1,,0,,
LC20,1,,0,,
LHAD1f3a,1,,0,,
LHAD1f4,1,CNS neuron,0,,
LHAV4e1,1,,0,,
LHCENT12,1,,0,,
LHPD1a1,1,,0,,
LHPD3c1,1,,0,,
LHPD4b1b,1,,0,,
LHPV2c2a,1,,0,,
LHPV2c2b,1,,0,,
LHPV5b5,1,,0,,
LHPV5c2,1,,0,,
LHPV6f4_b,1,,0,,
LHPV6f7,1,,0,,
LHl1_38,1,,0,,
LHp1__0,1,,0,,
LNd_CRYp,1,,0,,
LNd_a,1,,0,,
LPi4b,1,CNS neuron,0,,
LT1,1,,0,,
LTe49b,1,,0,,
LTe49c,1,,0,,
LTe49f,1,,0,,
LTe61,1,,0,,
MC66,1,,0,,
MNad03,1,efferent neuron,0,,
MNad17,1,sensory neuron,0,,
MNad19,1,efferent neuron,0,,
MNad20,1,efferent neuron,0,,
MNad23,1,efferent neuron,0,,
MNad31,1,efferent neuron,0,,
MNad32,1,efferent neuron,0,,
MNad35,1,efferent neuron,0,,
MNad38,1,glia,0,,
MNad44,1,efferent neuron,0,,
MNad45,1,efferent neuron,0,,
MNad46,1,efferent neuron,0,,
MNad47,1,efferent neuron,0,,
MNad48,1,efferent neuron,0,,
MNad50,1,,0,,
MNad52,1,efferent neuron,0,,
MNad54,1,efferent neuron,0,,
MNad56,1,efferent neuron,0,,
MNad63,1,efferent neuron,0,,
MNfl10,1,CNS neuron,0,,
MNfl54_DProN_R,1,efferent neuron,0,,
MNhl08_MetaLN_L,1,efferent neuron,0,,
MNhl62,1,efferent neuron,0,,
MNhl64,1,efferent neuron,0,,
MNhl73,1,efferent neuron,0,,
MNhl88,1,efferent neuron,0,,
MNhm43,1,efferent neuron,0,,
MNml10,1,,0,,
MNml77,1,efferent neuron,0,,
MNml81,1,efferent neuron,0,,
MNml82,1,efferent neuron,0,,
MNml84,1,efferent neuron,0,,
MNnm03,1,efferent neuron,0,,
MNnm09,1,efferent neuron,0,,
MNnm11,1,efferent neuron,0,,
MNnm14,1,efferent neuron,0,,
MNxm03,1,efferent neuron,0,,
MX7_afb332ff,1,,0,,
M_vPNml51,1,,0,,
M_vPNml62,1,,0,,
M_vPNml64,1,,0,,
MeVP29,1,,0,,
Mti23,1,CNS neuron,0,,
NPF,1,CNS neuron,0,,
P1-9,1,,0,,
P9-hIN,1,,0,,
PAL02,1,,0,,
PLP024,1,,0,,
PLP042_a,1,,0,,
PLP042_b,1,,0,,
PLP053a,1,,0,,
PLP054,1,,0,,
PLP076,1,,0,,
PLP111,1,,0,,
PLP150b,1,,0,,
PLP219,1,,0,,
PLP227,1,,0,,
PLP234,1,,0,,
PS004a,1,,0,,
PS008_a,1,,0,,
PS032,1,,0,,
PS038,1,,0,,
PS043,1,,0,,
PS083a,1,,0,,
PS096_a,1,,0,,
PS102,1,,0,,
PS139,1,,0,,
PS147,1,,0,,
PS148,1,,0,,
PS185,1,,0,,
PS188b,1,,0,,
PS188c,1,,0,,
PS190,1,,0,,
PS193b,1,,0,,
PS193c,1,,0,,
PS196a,1,,0,,
PS196b,1,,0,,
PS218,1,,0,,
PS230,1,,0,,
PS287,1,,0,,
PU,1,sensory neuron,0,,
PVLP034,1,,0,,
PVLP041,1,,0,,
PVLP054,1,,0,,
PVLP057,1,,0,,
Pleural/remotor/abductor/MN,1,efferent neuron,0,,
SA2_a,1,,0,,
SA2_b,1,,0,,
SAD023,1,,0,,
SAD037,1,,0,,
SAD069,1,,0,,
SA_DMT_ADMN_10,1,,0,,
SA_DMT_ADMN_7,1,,0,,
SA_DMT_DMetaN_9,1,,0,,
SEZ-NSC-Capa,1,efferent neuron,0,,
SIP028a,1,,0,,
SIP061,1,,0,,
SIP068,1,,0,,
SIP074,1,,0,,
SIP082,1,,0,,
SIPa1_ventral_23,1,,0,,
SLP016,1,,0,,
SLP084,1,,0,,
SLP119,1,,0,,
SLP122,1,,0,,
SLP148,1,,0,,
SLP159,1,,0,,
SLP189_b,1,,0,,
SLP224,1,,0,,
SLP288b,1,,0,,
SLP300a,1,,0,,
SLP300b,1,,0,,
SLP356b,1,,0,,
SLP398b,1,,0,,
SLP405_b,1,,0,,
SLP412,1,,0,,
SLP415,1,,0,,
SLP427,1,,0,,
SLPal1_39,1,,0,,
SLPal5_27,1,,0,,
SMP002,1,,0,,
SMP019a,1,,0,,
SMP063,1,,0,,
SMP075a,1,,0,,
SMP098_a,1,,0,,
SMP099,1,,0,,
SMP105_a,1,,0,,
SMP106b,1,,0,,
SMP123a,1,,0,,
SMP162,1,,0,,
SMP166,1,,0,,
SMP174,1,,0,,
SMP193a,1,,0,,
SMP215c,1,,0,,
SMP248c,1,,0,,
SMP263,1,,0,,
SMP283,1,,0,,
SMP295,1,,0,,
SMP318,1,,0,,
SMP338,1,,0,,
SMP344a,1,,0,,
SMP344b,1,,0,,
SMP347,1,,0,,
SMP358,1,,0,,
SMP359,1,,0,,
SMP359_b,1,,0,,
SMP366,1,,0,,
SMP393a,1,,0,,
SMP410,1,,0,,
SMP411a,1,,0,,
SMP486_a,1,,0,,
SMP486_b,1,,0,,
SMP486_c,1,,0,,
SMP509,1,,0,,
SMP514,1,,0,,
SMP516,1,,0,,
SMP523,1,,0,,
SMPad3_31,1,,0,,
SMPad3__0,1,,0,,
SMPp&v1B_H01,1,,0,,
SMPpm1_25,1,,0,,
SMPpv1__0,1,,0,,
SNch16,1,sensory neuron,0,,
SNpp05,1,sensory neuron,0,,
SNpp10,1,,0,,
SNpp11,1,sensory neuron,0,,
SNpp12,1,sensory neuron,0,,
SNpp15,1,sensory neuron,0,,
SNpp21,1,sensory neuron,0,,
SNpp26,1,sensory neuron,0,,
SNpp28,1,,0,,
SNpp37,1,sensory neuron,0,,
SNpp38,1,sensory neuron,0,,
SNpp48,1,sensory neuron,0,,
SNpp54,1,efferent neuron,0,,
SNta10,1,sensory neuron,0,,
SNxx09,1,sensory neuron,0,,
SNxx13,1,sensory neuron,0,,
SNxx25,1,sensory neuron,0,,
SNxx26,1,sensory neuron,0,,
SNxx28,1,sensory neuron,0,,
T4,1,,0,,
TRdm__0,1,,0,,
TTMN,1,efferent neuron,0,,
TTMn,1,efferent neuron,0,,
Tergopleural/Pleural/promotor/MN,1,efferent neuron,0,,
Ti/flexor/MN,1,,0,,
Tlp6,1,,0,,
Tm24,1,,0,,
TmY9,1,,0,,
TmYem1,1,,0,,
Tr/extensor/MN,1,efferent neuron,0,,
TuBu01a,1,,0,,
TuBu06a,1,,0,,
TuBu06b,1,,0,,
TuTuA,1,,0,,
VCvN,1,efferent neuron,0,,
VES033,1,,0,,
VES055,1,,0,,
VES083,1,,0,,
VLPa1_lateral_39,1,,0,,
VLPa1_lateral__0,1,,0,,
VLPa2__1,1,,0,,
VLPd&p1_posterior__0,1,,0,,
VLPl&p1_lateral_24,1,,0,,
VLPl&p1_lateral_36,1,,0,,
VLPl1_or_VLPl5_110,1,,0,,
VLPl1_or_VLPl5_115,1,,0,,
VLPl1_or_VLPl5_65,1,,0,,
VLPl2_medial_55,1,,0,,
VLPl2_medial_58,1,,0,,
VLPl4_anterior_24,1,,0,,
VLPp&l1_anterior_52,1,,0,,
VPNl&d1_dorsal_20,1,,0,,
VS8,1,CNS neuron,0,,
VUM,1,efferent neuron,0,,
VUM_left_MesoLN_right_MesoLN,1,efferent neuron,0,,
WED002d,1,,0,,
WED036_b,1,,0,,
WED040_a,1,,0,,
WED047,1,,0,,
WED049,1,,0,,
WED053,1,,0,,
WED092a,1,,0,,
WED113,1,,0,,
WED139,1,,0,,
WED164,1,,0,,
WED172,1,,0,,
WED180,1,CNS neuron,0,,
WEDPN2B,1,,0,,
WEDa1_23,1,,0,,
WEDd2_10,1,,0,,
aIPg1,1,,0,,
aSP-f1A,1,,0,,
aSP-g3A,1,,0,,
aSP-g3B,1,,0,,
accessory_trochanter_flexor_posterior_soma_ProLN,1,efferent neuron,0,,
bCS,1,sensory neuron,0,,
cDN1,1,CNS neuron,0,,
dMS10,1,,0,,
fast tibia extensor,1,efferent neuron,0,,
fast tibia flexor,1,efferent neuron,0,,
femur_reductor_dorsomedial_ribbon,1,efferent neuron,0,,
haltere_motor_neuron_unknown,1,efferent neuron,0,,
iii1,1,efferent neuron,0,,
iii1 MN,1,efferent neuron,0,,
ingestion_motor_neuron,1,efferent neuron,0,,
l-NSC,1,,0,,
l-NSC ITP,1,efferent neuron,0,,
lLN2X06,1,,0,,
lLN2X10,1,,0,,
l_NSC_DH31,1,efferent neuron,0,,
long_tendon_muscle_B,1,,0,,
long_tendon_muscle_B_femur,1,efferent neuron,0,,
ltm/MN,1,efferent neuron,0,,
mAL3A,1,,0,,
mAL5A,1,,0,,
mALC1,1,CNS neuron,0,,
m_NSC_DILP,1,glia,0,,
m_NSC_DMS,1,efferent neuron,0,,
oviDN,1,CNS neuron,0,,
oviDNa,1,CNS neuron,0,,
oviDNa_a,1,CNS neuron,0,,
oviDNa_b,1,CNS neuron,0,,
oviDNv,1,CNS neuron,0,,
pC1e,1,,0,,
pharyngeal_nerve_sensory_group3,1,sensory neuron,0,,
pleural_remotor_and_abductor,1,efferent neuron,0,,
slow tibia extensor,1,efferent neuron,0,,
sternal_adductor_MetaAN,1,efferent neuron,0,,
sternal_posterior_rotator_MesoLN_dorsal_5,1,efferent neuron,0,,
sternal_posterior_rotator_miller_32,1,efferent neuron,0,,
tangential,1,,0,,
tarsus_depressor_B,1,efferent neuron,0,,
tarsus_depressor_dipalpha_ventralU,1,efferent neuron,0,,
tergotrochanter_extensor_MetaAN,1,efferent neuron,0,,
tergotrochanter_extensor_PDMN,1,efferent neuron,0,,
trochanter_extensor,1,efferent neuron,0,,
trochanter_extensor_LinJ,1,efferent neuron,0,,
trochanter_flexor_MesoAN,1,efferent neuron,0,,
trochanter_flexor_VProN,1,efferent neuron,0,,
trochanter_flexor_posterior_soma,1,efferent neuron,0,,
v2LN34C,1,,0,,
v2LN42c,1,,0,,
vLN28,1,,0,,
vMS13,1,,0,,
